#
# There is insufficient memory for the Java Runtime Environment to continue.
# Native memory allocation (mmap) failed to map 211812352 bytes. Error detail: G1 virtual space
# Possible reasons:
#   The system is out of physical RAM or swap space
#   This process is running with CompressedOops enabled, and the Java Heap may be blocking the growth of the native heap
# Possible solutions:
#   Reduce memory load on the system
#   Increase physical memory or swap space
#   Check if swap backing store is full
#   Decrease Java heap size (-Xmx/-Xms)
#   Decrease number of Java threads
#   Decrease Java thread stack sizes (-Xss)
#   Set larger code cache with -XX:ReservedCodeCacheSize=
#   JVM is running with Zero Based Compressed Oops mode in which the Java heap is
#     placed in the first 32GB address space. The Java Heap base address is the
#     maximum limit for the native heap growth. Please use -XX:HeapBaseMinAddress
#     to set the Java Heap base and to place the Java Heap above 32GB virtual address.
# This output file may be truncated or incomplete.
#
#  Out of Memory Error (os_windows.cpp:3618), pid=27848, tid=27956
#
# JRE version: OpenJDK Runtime Environment Temurin-17.0.17+10 (17.0.17+10) (build 17.0.17+10)
# Java VM: OpenJDK 64-Bit Server VM Temurin-17.0.17+10 (17.0.17+10, mixed mode, sharing, tiered, compressed oops, compressed class ptrs, g1 gc, windows-amd64)
# No core dump will be written. Minidumps are not enabled by default on client versions of Windows
#

---------------  S U M M A R Y ------------

Command Line: -Dforge.enableGameTest=true -Dforge.logging.console.level=debug -Dforge.logging.markers=REGISTRIES -DignoreList=bootstraplauncher,securejarhandler,asm-commons,asm-util,asm-analysis,asm-tree,asm,JarJarFileSystems,client-extra,fmlcore,javafmllanguage,lowcodelanguage,mclanguage,forge- -Djava.net.preferIPv6Addresses=system -DlegacyClassPath.file=C:\Users\Utilisateur\Documents\travail\ynov\ydays\CreateNuclearForge\build\classpath\runClient_minecraftClasspath.txt -DmergeModules=jna-5.10.0.jar,jna-platform-5.10.0.jar -Dmixin.debug.export=true -Dmixin.debug.verbose=true -Dmixin.env.refMapRemappingFile=C:\Users\Utilisateur\Documents\travail\ynov\ydays\CreateNuclearForge/build/createSrgToMcp/output.srg -Dmixin.env.remapRefMap=true -Dnet.minecraftforge.gradle.GradleStart.srg.srg-mcp=C:\Users\Utilisateur\Documents\travail\ynov\ydays\CreateNuclearForge\build\createSrgToMcp\output.srg --module-path=C:\Users\Utilisateur\.gradle\caches\modules-2\files-2.1\cpw.mods\bootstraplauncher\1.1.2\c546e00443d8432cda6baa1c860346980742628\bootstraplauncher-1.1.2.jar;C:\Users\Utilisateur\.gradle\caches\modules-2\files-2.1\cpw.mods\securejarhandler\2.1.10\51e6a22c6c716beb11e244bf5b8be480f51dd6b5\securejarhandler-2.1.10.jar;C:\Users\Utilisateur\.gradle\caches\modules-2\files-2.1\org.ow2.asm\asm-commons\9.5\19ab5b5800a3910d30d3a3e64fdb00fd0cb42de0\asm-commons-9.5.jar;C:\Users\Utilisateur\.gradle\caches\modules-2\files-2.1\org.ow2.asm\asm-util\9.5\64b5a1fc8c1b15ed2efd6a063e976bc8d3dc5ffe\asm-util-9.5.jar;C:\Users\Utilisateur\.gradle\caches\modules-2\files-2.1\org.ow2.asm\asm-analysis\9.5\490bacc77de7cbc0be1a30bb3471072d705be4a4\asm-analysis-9.5.jar;C:\Users\Utilisateur\.gradle\caches\modules-2\files-2.1\org.ow2.asm\asm-tree\9.5\fd33c8b6373abaa675be407082fdfda35021254a\asm-tree-9.5.jar;C:\Users\Utilisateur\.gradle\caches\modules-2\files-2.1\org.ow2.asm\asm\9.5\dc6ea1875f4d64fbc85e1691c95b96a3d8569c90\asm-9.5.jar;C:\Users\Utilisateur\.gradle\caches\modules-2\files-2.1\net.minecraftforge\JarJarFileSystems\0.3.19\2464eb7d6b9ddb9db36a82cf8a95193e5c6fe020\JarJarFileSystems-0.3.19.jar --add-modules=ALL-MODULE-PATH --add-opens=java.base/java.util.jar=cpw.mods.securejarhandler --add-opens=java.base/java.lang.invoke=cpw.mods.securejarhandler --add-exports=java.base/sun.security.util=cpw.mods.securejarhandler --add-exports=jdk.naming.dns/com.sun.jndi.dns=java.naming -XX:HeapDumpPath=MojangTricksIntelDriversForPerformance_javaw.exe_minecraft.exe.heapdump -Dfile.encoding=UTF-8 -Duser.country=FR -Duser.language=fr -Duser.variant cpw.mods.bootstraplauncher.BootstrapLauncher --launchTarget forgeclientuserdev --version MOD_DEV --assetIndex 5 --assetsDir C:\Users\Utilisateur\.gradle\caches\forge_gradle\assets --gameDir . --fml.forgeVersion 47.2.6 --fml.mcVersion 1.20.1 --fml.forgeGroup net.minecraftforge --fml.mcpVersion 20230612.114412 --mixin.config createnuclear.forge.mixins.json

Host: 12th Gen Intel(R) Core(TM) i7-12700F, 20 cores, 15G,  Windows 11 , 64 bit Build 26100 (10.0.26100.8328)
Time: Tue May 19 14:54:23 2026 Paris, Madrid (heure duild 26100 (10.0.26100.8328) elapsed time: 41.604246 seconds (0d 0h 0m 41s)

---------------  T H R E A D  ---------------

Current thread (0x000001fbff57a010):  VMThread "VM Thread" [stack: 0x000000c54f500000,0x000000c54f600000] [id=27956]

Stack: [0x000000c54f500000,0x000000c54f600000]
Native frames: (J=compiled Java code, j=interpreted, Vv=VM code, C=native code)
V  [jvm.dll+0x683fb9]
V  [jvm.dll+0x83a1b5]
V  [jvm.dll+0x83bc2e]
V  [jvm.dll+0x83c2b3]
V  [jvm.dll+0x248eff]
V  [jvm.dll+0x680d79]
V  [jvm.dll+0x675b7a]
V  [jvm.dll+0x3091a7]
V  [jvm.dll+0x310776]
V  [jvm.dll+0x360bbe]
V  [jvm.dll+0x360dfd]
V  [jvm.dll+0x2e022c]
V  [jvm.dll+0x2de602]
V  [jvm.dll+0x2ddd9c]
V  [jvm.dll+0x320a3b]
V  [jvm.dll+0x840acd]
V  [jvm.dll+0x841803]
V  [jvm.dll+0x841d2f]
V  [jvm.dll+0x842115]
V  [jvm.dll+0x8421de]
V  [jvm.dll+0x7ea44c]
V  [jvm.dll+0x682e87]
C  [ucrtbase.dll+0x37b0]
C  [KERNEL32.DLL+0x2e957]
C  [ntdll.dll+0x427c]

VM_Operation (0x000000c553efefa0): G1CollectForAllocation, mode: safepoint, requested by thread 0x000001fbe8a6fbb0


---------------  P R O C E S S  ---------------

Threads class SMR info:
_java_thread_list=0x000001fbea81b420, length=64, elements={
0x000001fbef365e40, 0x000001fbff581410, 0x000001fbff583b00, 0x000001fbff597de0,
0x000001fbff5982c0, 0x000001fbff5987a0, 0x000001fbff59cc90, 0x000001fbff59f8c0,
0x000001fbff5a5e00, 0x000001fb93429fc0, 0x000001fb934c7bb0, 0x000001fb93561300,
0x000001fb93650850, 0x000001fbe78809b0, 0x000001fbdff9a200, 0x000001fbdff97980,
0x000001fbdff983a0, 0x000001fbdff99cf0, 0x000001fbdff9a710, 0x000001fbe787f060,
0x000001fbe787dc20, 0x000001fbe787e130, 0x000001fbe8a6a5a0, 0x000001fbe8a6a090,
0x000001fbe8a6afc0, 0x000001fbe8a6bef0, 0x000001fbe8a68c50, 0x000001fbe8a68740,
0x000001fbe8a6c400, 0x000001fbe8a6dd50, 0x000001fbe8a6e770, 0x000001fbe8a6ec80,
0x000001fbe8a6f6a0, 0x000001fbe8a6f190, 0x000001fbe8a6fbb0, 0x000001fbdff992d0,
0x000001fbe787fa80, 0x000001fbe8a30c40, 0x000001fbe8a32fb0, 0x000001fbe8a31660,
0x000001fbe8a2f800, 0x000001fbe8a2fd10, 0x000001fbe8a31b70, 0x000001fbe8a32080,
0x000001fbe8a31150, 0x000001fbe8a30730, 0x000001fbe8a32590, 0x000001fbe8a32aa0,
0x000001fbe8a334c0, 0x000001fbe8a339d0, 0x000001fbe8a35830, 0x000001fbe8a6d330,
0x000001fbdff51620, 0x000001fbdff52f70, 0x000001fbdff53480, 0x000001fbde3f9930,
0x000001fbdff501e0, 0x000001fbdff53ea0, 0x000001fbdff57650, 0x000001fbdff552e0,
0x000001fbdff543b0, 0x000001fbdff56720, 0x000001fbdff548c0, 0x000001fbdff50c00
}

Java Threads: ( => current thread )
  0x000001fbef365e40 JavaThread "Render thread" [_thread_blocked, id=27932, stack(0x000000c54ef00000,0x000000c54f000000)]
  0x000001fbff581410 JavaThread "Reference Handler" daemon [_thread_blocked, id=27960, stack(0x000000c54f600000,0x000000c54f700000)]
  0x000001fbff583b00 JavaThread "Finalizer" daemon [_thread_blocked, id=27964, stack(0x000000c54f700000,0x000000c54f800000)]
  0x000001fbff597de0 JavaThread "Signal Dispatcher" daemon [_thread_blocked, id=27968, stack(0x000000c54f800000,0x000000c54f900000)]
  0x000001fbff5982c0 JavaThread "Attach Listener" daemon [_thread_blocked, id=27972, stack(0x000000c54f900000,0x000000c54fa00000)]
  0x000001fbff5987a0 JavaThread "Service Thread" daemon [_thread_blocked, id=27976, stack(0x000000c54fa00000,0x000000c54fb00000)]
  0x000001fbff59cc90 JavaThread "Monitor Deflation Thread" daemon [_thread_blocked, id=27980, stack(0x000000c54fb00000,0x000000c54fc00000)]
  0x000001fbff59f8c0 JavaThread "C2 CompilerThread0" daemon [_thread_blocked, id=27984, stack(0x000000c54fc00000,0x000000c54fd00000)]
  0x000001fbff5a5e00 JavaThread "C1 CompilerThread0" daemon [_thread_blocked, id=27988, stack(0x000000c54fd00000,0x000000c54fe00000)]
  0x000001fb93429fc0 JavaThread "Sweeper thread" daemon [_thread_blocked, id=27992, stack(0x000000c54fe00000,0x000000c54ff00000)]
  0x000001fb934c7bb0 JavaThread "C1 CompilerThread1" daemon [_thread_blocked, id=27996, stack(0x000000c54ff00000,0x000000c550000000)]
  0x000001fb93561300 JavaThread "Common-Cleaner" daemon [_thread_blocked, id=28000, stack(0x000000c550000000,0x000000c550100000)]
  0x000001fb93650850 JavaThread "Notification Thread" daemon [_thread_blocked, id=28016, stack(0x000000c550300000,0x000000c550400000)]
  0x000001fbe78809b0 JavaThread "JNA Cleaner" daemon [_thread_blocked, id=28280, stack(0x000000c552400000,0x000000c552500000)]
  0x000001fbdff9a200 JavaThread "Timer hack thread" daemon [_thread_blocked, id=24660, stack(0x000000c551f00000,0x000000c552000000)]
  0x000001fbdff97980 JavaThread "Yggdrasil Key Fetcher" daemon [_thread_blocked, id=23804, stack(0x000000c552600000,0x000000c552700000)]
  0x000001fbdff983a0 JavaThread "Cleaner-0" daemon [_thread_blocked, id=19428, stack(0x000000c552b00000,0x000000c552c00000)]
  0x000001fbdff99cf0 JavaThread "modloading-worker-0" daemon [_thread_blocked, id=18624, stack(0x000000c552d00000,0x000000c552e00000)]
  0x000001fbdff9a710 JavaThread "modloading-worker-0" daemon [_thread_blocked, id=26600, stack(0x000000c552e00000,0x000000c552f00000)]
  0x000001fbe787f060 JavaThread "modloading-worker-0" daemon [_thread_blocked, id=27640, stack(0x000000c552f00000,0x000000c553000000)]
  0x000001fbe787dc20 JavaThread "modloading-worker-0" daemon [_thread_blocked, id=25292, stack(0x000000c553000000,0x000000c553100000)]
  0x000001fbe787e130 JavaThread "modloading-worker-0" daemon [_thread_blocked, id=18128, stack(0x000000c553100000,0x000000c553200000)]
  0x000001fbe8a6a5a0 JavaThread "modloading-worker-0" daemon [_thread_blocked, id=544, stack(0x000000c553200000,0x000000c553300000)]
  0x000001fbe8a6a090 JavaThread "modloading-worker-0" daemon [_thread_blocked, id=26844, stack(0x000000c553300000,0x000000c553400000)]
  0x000001fbe8a6afc0 JavaThread "modloading-worker-0" daemon [_thread_blocked, id=27520, stack(0x000000c553400000,0x000000c553500000)]
  0x000001fbe8a6bef0 JavaThread "modloading-worker-0" daemon [_thread_blocked, id=27468, stack(0x000000c553500000,0x000000c553600000)]
  0x000001fbe8a68c50 JavaThread "modloading-worker-0" daemon [_thread_blocked, id=26204, stack(0x000000c553600000,0x000000c553700000)]
  0x000001fbe8a68740 JavaThread "FileSystemWatchService" daemon [_thread_in_native, id=24156, stack(0x000000c553800000,0x000000c553900000)]
  0x000001fbe8a6c400 JavaThread "JEI Config File Watcher" daemon [_thread_blocked, id=25816, stack(0x000000c553900000,0x000000c553a00000)]
  0x000001fbe8a6dd50 JavaThread "Worker-Main-1" daemon [_thread_blocked, id=10556, stack(0x000000c552300000,0x000000c552400000)]
  0x000001fbe8a6e770 JavaThread "Thread-3" daemon [_thread_blocked, id=24648, stack(0x000000c553a00000,0x000000c553b00000)]
  0x000001fbe8a6ec80 JavaThread "FileSystemWatchService" daemon [_thread_in_native, id=19160, stack(0x000000c553b00000,0x000000c553c00000)]
  0x000001fbe8a6f6a0 JavaThread "Worker-Main-2" daemon [_thread_blocked, id=5812, stack(0x000000c553c00000,0x000000c553d00000)]
  0x000001fbe8a6f190 JavaThread "Worker-Main-3" daemon [_thread_blocked, id=27348, stack(0x000000c553d00000,0x000000c553e00000)]
  0x000001fbe8a6fbb0 JavaThread "Worker-Main-4" daemon [_thread_blocked, id=26584, stack(0x000000c553e00000,0x000000c553f00000)]
  0x000001fbdff992d0 JavaThread "Worker-Main-5" daemon [_thread_blocked, id=27100, stack(0x000000c553f00000,0x000000c554000000)]
  0x000001fbe787fa80 JavaThread "Worker-Main-6" daemon [_thread_blocked, id=26144, stack(0x000000c554000000,0x000000c554100000)]
  0x000001fbe8a30c40 JavaThread "Worker-Main-7" daemon [_thread_blocked, id=14828, stack(0x000000c554100000,0x000000c554200000)]
  0x000001fbe8a32fb0 JavaThread "Worker-Main-8" daemon [_thread_blocked, id=14940, stack(0x000000c554200000,0x000000c554300000)]
  0x000001fbe8a31660 JavaThread "Worker-Main-9" daemon [_thread_blocked, id=12632, stack(0x000000c554300000,0x000000c554400000)]
  0x000001fbe8a2f800 JavaThread "Worker-Main-10" daemon [_thread_blocked, id=27600, stack(0x000000c554400000,0x000000c554500000)]
  0x000001fbe8a2fd10 JavaThread "Worker-Main-11" daemon [_thread_blocked, id=23584, stack(0x000000c554500000,0x000000c554600000)]
  0x000001fbe8a31b70 JavaThread "Worker-Main-13" daemon [_thread_blocked, id=26860, stack(0x000000c554600000,0x000000c554700000)]
  0x000001fbe8a32080 JavaThread "Worker-Main-12" daemon [_thread_blocked, id=25924, stack(0x000000c554700000,0x000000c554800000)]
  0x000001fbe8a31150 JavaThread "Worker-Main-14" daemon [_thread_blocked, id=18176, stack(0x000000c554900000,0x000000c554a00000)]
  0x000001fbe8a30730 JavaThread "Worker-Main-15" daemon [_thread_blocked, id=25156, stack(0x000000c554b00000,0x000000c554c00000)]
  0x000001fbe8a32590 JavaThread "Worker-Main-16" daemon [_thread_blocked, id=26168, stack(0x000000c554c00000,0x000000c554d00000)]
  0x000001fbe8a32aa0 JavaThread "Worker-Main-17" daemon [_thread_blocked, id=3980, stack(0x000000c554d00000,0x000000c554e00000)]
  0x000001fbe8a334c0 JavaThread "Worker-Main-18" daemon [_thread_blocked, id=16172, stack(0x000000c554e00000,0x000000c554f00000)]
  0x000001fbe8a339d0 JavaThread "Worker-Main-19" daemon [_thread_blocked, id=26028, stack(0x000000c554f00000,0x000000c555000000)]
  0x000001fbe8a35830 JavaThread "IO-Worker-20" [_thread_blocked, id=27012, stack(0x000000c555100000,0x000000c555200000)]
  0x000001fbe8a6d330 JavaThread "Cleaner-1" daemon [_thread_blocked, id=23984, stack(0x000000c556000000,0x000000c556100000)]
  0x000001fbdff51620 JavaThread "Server thread" [_thread_blocked, id=27908, stack(0x000000c551300000,0x000000c551400000)]
  0x000001fbdff52f70 JavaThread "FileSystemWatchService" daemon [_thread_in_native, id=27900, stack(0x000000c551600000,0x000000c551700000)]
  0x000001fbdff53480 JavaThread "IO-Worker-21" [_thread_blocked, id=24340, stack(0x000000c553700000,0x000000c553800000)]
  0x000001fbde3f9930 JavaThread "C2 CompilerThread1" daemon [_thread_blocked, id=27420, stack(0x000000c550200000,0x000000c550300000)]
  0x000001fbdff501e0 JavaThread "IO-Worker-22" [_thread_blocked, id=28096, stack(0x000000c555e00000,0x000000c555f00000)]
  0x000001fbdff53ea0 JavaThread "IO-Worker-23" [_thread_blocked, id=26300, stack(0x000000c555f00000,0x000000c556000000)]
  0x000001fbdff57650 JavaThread "Java2D Disposer" daemon [_thread_blocked, id=24460, stack(0x000000c555200000,0x000000c555300000)]
  0x000001fbdff552e0 JavaThread "Netty Server IO #0" daemon [_thread_in_native, id=27604, stack(0x000000c550500000,0x000000c550600000)]
  0x000001fbdff543b0 JavaThread "Netty Local Client IO #0" daemon [_thread_blocked, id=27412, stack(0x000000c550600000,0x000000c550700000)]
  0x000001fbdff56720 JavaThread "Netty Server IO #1" daemon [_thread_in_native, id=25360, stack(0x000000c551100000,0x000000c551200000)]
  0x000001fbdff548c0 JavaThread "IO-Worker-24" [_thread_blocked, id=21412, stack(0x000000c555300000,0x000000c555400000)]
  0x000001fbdff50c00 JavaThread "Sound engine" daemon [_thread_blocked, id=6428, stack(0x000000c555400000,0x000000c555500000)]

Other Threads:
=>0x000001fbff57a010 VMThread "VM Thread" [stack: 0x000000c54f500000,0x000000c54f600000] [id=27956]
  0x000001fbef3679e0 WatcherThread [stack: 0x000000c550400000,0x000000c550500000] [id=28020]
  0x000001fbef3d2450 GCTaskThread "GC Thread#0" [stack: 0x000000c54f000000,0x000000c54f100000] [id=27936]
  0x000001fbd954b2e0 GCTaskThread "GC Thread#1" [stack: 0x000000c550800000,0x000000c550900000] [id=28036]
  0x000001fbd954a6b0 GCTaskThread "GC Thread#2" [stack: 0x000000c550900000,0x000000c550a00000] [id=28040]
  0x000001fbd90a8180 GCTaskThread "GC Thread#3" [stack: 0x000000c550a00000,0x000000c550b00000] [id=28044]
  0x000001fbd90a8440 GCTaskThread "GC Thread#4" [stack: 0x000000c550b00000,0x000000c550c00000] [id=28048]
  0x000001fbd90a8700 GCTaskThread "GC Thread#5" [stack: 0x000000c550c00000,0x000000c550d00000] [id=28052]
  0x000001fbdf747a30 GCTaskThread "GC Thread#6" [stack: 0x000000c550d00000,0x000000c550e00000] [id=28076]
  0x000001fbdd6529c0 GCTaskThread "GC Thread#7" [stack: 0x000000c551700000,0x000000c551800000] [id=28168]
  0x000001fbdb709300 GCTaskThread "GC Thread#8" [stack: 0x000000c551800000,0x000000c551900000] [id=28172]
  0x000001fbdf620160 GCTaskThread "GC Thread#9" [stack: 0x000000c551900000,0x000000c551a00000] [id=28176]
  0x000001fbdca83cb0 GCTaskThread "GC Thread#10" [stack: 0x000000c551a00000,0x000000c551b00000] [id=28180]
  0x000001fbdc7a4ea0 GCTaskThread "GC Thread#11" [stack: 0x000000c551b00000,0x000000c551c00000] [id=28184]
  0x000001fbd90d1fd0 GCTaskThread "GC Thread#12" [stack: 0x000000c551c00000,0x000000c551d00000] [id=28188]
  0x000001fbdd05fb70 GCTaskThread "GC Thread#13" [stack: 0x000000c551d00000,0x000000c551e00000] [id=28192]
  0x000001fbdcaa5840 GCTaskThread "GC Thread#14" [stack: 0x000000c551e00000,0x000000c551f00000] [id=28196]
  0x000001fbef3e3190 ConcurrentGCThread "G1 Main Marker" [stack: 0x000000c54f100000,0x000000c54f200000] [id=27940]
  0x000001fbef3e54e0 ConcurrentGCThread "G1 Conc#0" [stack: 0x000000c54f200000,0x000000c54f300000] [id=27944]
  0x000001fbdcaa6e40 ConcurrentGCThread "G1 Conc#1" [stack: 0x000000c552000000,0x000000c552100000] [id=28204]
  0x000001fbdcaa6600 ConcurrentGCThread "G1 Conc#2" [stack: 0x000000c552100000,0x000000c552200000] [id=28208]
  0x000001fbdcaa6b80 ConcurrentGCThread "G1 Conc#3" [stack: 0x000000c552200000,0x000000c552300000] [id=28212]
  0x000001fbff4b14a0 ConcurrentGCThread "G1 Refine#0" [stack: 0x000000c54f300000,0x000000c54f400000] [id=27948]
  0x000001fbdc2e2c30 ConcurrentGCThread "G1 Refine#1" [stack: 0x000000c552700000,0x000000c552800000] [id=28360]
  0x000001fbdc2e3500 ConcurrentGCThread "G1 Refine#2" [stack: 0x000000c552800000,0x000000c552900000] [id=28364]
  0x000001fbdef8f5c0 ConcurrentGCThread "G1 Refine#3" [stack: 0x000000c552900000,0x000000c552a00000] [id=28368]
  0x000001fbdef8d860 ConcurrentGCThread "G1 Refine#4" [stack: 0x000000c552a00000,0x000000c552b00000] [id=28372]
  0x000001fbdad67280 ConcurrentGCThread "G1 Refine#5" [stack: 0x000000c555000000,0x000000c555100000] [id=25524]
  0x000001fbdad65230 ConcurrentGCThread "G1 Refine#6" [stack: 0x000000c555500000,0x000000c555600000] [id=12304]
  0x000001fbdad67570 ConcurrentGCThread "G1 Refine#7" [stack: 0x000000c555600000,0x000000c555700000] [id=27188]
  0x000001fbdad68130 ConcurrentGCThread "G1 Refine#8" [stack: 0x000000c555700000,0x000000c555800000] [id=5156]
  0x000001fbdad68a00 ConcurrentGCThread "G1 Refine#9" [stack: 0x000000c555800000,0x000000c555900000] [id=26768]
  0x000001fbdad65b00 ConcurrentGCThread "G1 Refine#10" [stack: 0x000000c555900000,0x000000c555a00000] [id=25548]
  0x000001fbdad666c0 ConcurrentGCThread "G1 Refine#11" [stack: 0x000000c555a00000,0x000000c555b00000] [id=26400]
  0x000001fbdad65520 ConcurrentGCThread "G1 Refine#12" [stack: 0x000000c555b00000,0x000000c555c00000] [id=13180]
  0x000001fbdad68420 ConcurrentGCThread "G1 Refine#13" [stack: 0x000000c555c00000,0x000000c555d00000] [id=24672]
  0x000001fbdad66ca0 ConcurrentGCThread "G1 Refine#14" [stack: 0x000000c554a00000,0x000000c554b00000] [id=27068]
  0x000001fbff4b1890 ConcurrentGCThread "G1 Service" [stack: 0x000000c54f400000,0x000000c54f500000] [id=27952]

Threads with active compile tasks:
C2 CompilerThread0  41732 24886       4       net.minecraftforge.registries.NamespacedWrapper::getOptional (12 bytes)
C2 CompilerThread1  41732 25205 %     4       net.minecraft.world.level.chunk.storage.ChunkSerializer::read @ 170 (1424 bytes)

VM state: at safepoint (normal execution)

VM Mutex/Monitor currently owned by a thread:  ([mutex/lock_event])
[0x000001fbef35ff30] Threads_lock - owner thread: 0x000001fbff57a010
[0x000001fbef360440] Heap_lock - owner thread: 0x000001fbe8a6fbb0

Heap address: 0x0000000702800000, size: 4056 MB, Compressed Oops mode: Zero based, Oop shift amount: 3

CDS archive(s) mapped at: [0x000001fb94000000-0x000001fb94bb0000-0x000001fb94bb0000), size 12255232, SharedBaseAddress: 0x000001fb94000000, ArchiveRelocationMode: 1.
Compressed class space mapped at: 0x000001fb95000000-0x000001fbd5000000, reserved size: 1073741824
Narrow klass base: 0x000001fb94000000, Narrow klass shift: 0, Narrow klass range: 0x100000000

GC Precious Log:
 CPUs: 20 total, 20 available
 Memory: 16222M
 Large Page Support: Disabled
 NUMA Support: Disabled
 Compressed Oops: Enabled (Zero based)
 Heap Region Size: 2M
 Heap Min Capacity: 8M
 Heap Initial Capacity: 254M
 Heap Max Capacity: 4056M
 Pre-touch: Disabled
 Parallel Workers: 15
 Concurrent Workers: 4
 Concurrent Refinement Workers: 15
 Periodic GC: Disabled

Heap:
 garbage-first heap   total 3639296K, used 2162688K [0x0000000702800000, 0x0000000800000000)
  region size 2048K, 38 young (77824K), 38 survivors (77824K)
 Metaspace       used 147655K, committed 149440K, reserved 1179648K
  class space    used 22729K, committed 23552K, reserved 1048576K

Heap Regions: E=young(eden), S=young(survivor), O=old, HS=humongous(starts), HC=humongous(continues), CS=collection set, F=free, OA=open archive, CA=closed archive, TAMS=top-at-mark-start (previous, next)
|   0|0x0000000702800000, 0x0000000702a00000, 0x0000000702a00000|100%|HS|  |TAMS 0x0000000702a00000, 0x0000000702800000| Complete 
|   1|0x0000000702a00000, 0x0000000702c00000, 0x0000000702c00000|100%|HS|  |TAMS 0x0000000702c00000, 0x0000000702a00000| Complete 
|   2|0x0000000702c00000, 0x0000000702e00000, 0x0000000702e00000|100%| O|  |TAMS 0x0000000702e00000, 0x0000000702c00000| Untracked 
|   3|0x0000000702e00000, 0x0000000703000000, 0x0000000703000000|100%| O|  |TAMS 0x0000000703000000, 0x0000000702e00000| Untracked 
|   4|0x0000000703000000, 0x0000000703200000, 0x0000000703200000|100%|HS|  |TAMS 0x0000000703200000, 0x0000000703000000| Complete 
|   5|0x0000000703200000, 0x0000000703400000, 0x0000000703400000|100%| O|  |TAMS 0x0000000703400000, 0x0000000703200000| Untracked 
|   6|0x0000000703400000, 0x0000000703600000, 0x0000000703600000|100%| O|  |TAMS 0x0000000703600000, 0x0000000703400000| Untracked 
|   7|0x0000000703600000, 0x0000000703800000, 0x0000000703800000|100%|HS|  |TAMS 0x0000000703800000, 0x0000000703600000| Complete 
|   8|0x0000000703800000, 0x0000000703a00000, 0x0000000703a00000|100%|HS|  |TAMS 0x0000000703a00000, 0x0000000703800000| Complete 
|   9|0x0000000703a00000, 0x0000000703c00000, 0x0000000703c00000|100%| O|  |TAMS 0x0000000703c00000, 0x0000000703a00000| Untracked 
|  10|0x0000000703c00000, 0x0000000703e00000, 0x0000000703e00000|100%| O|  |TAMS 0x0000000703e00000, 0x0000000703c00000| Untracked 
|  11|0x0000000703e00000, 0x0000000704000000, 0x0000000704000000|100%| O|  |TAMS 0x0000000704000000, 0x0000000703e00000| Untracked 
|  12|0x0000000704000000, 0x0000000704200000, 0x0000000704200000|100%| O|  |TAMS 0x0000000704200000, 0x0000000704000000| Untracked 
|  13|0x0000000704200000, 0x0000000704400000, 0x0000000704400000|100%| O|  |TAMS 0x0000000704400000, 0x0000000704200000| Untracked 
|  14|0x0000000704400000, 0x0000000704600000, 0x0000000704600000|100%| O|  |TAMS 0x0000000704600000, 0x0000000704400000| Untracked 
|  15|0x0000000704600000, 0x0000000704800000, 0x0000000704800000|100%| O|  |TAMS 0x0000000704800000, 0x0000000704600000| Untracked 
|  16|0x0000000704800000, 0x0000000704a00000, 0x0000000704a00000|100%|HS|  |TAMS 0x0000000704a00000, 0x0000000704800000| Complete 
|  17|0x0000000704a00000, 0x0000000704c00000, 0x0000000704c00000|100%| O|  |TAMS 0x0000000704c00000, 0x0000000704a00000| Untracked 
|  18|0x0000000704c00000, 0x0000000704e00000, 0x0000000704e00000|100%| O|  |TAMS 0x0000000704e00000, 0x0000000704c00000| Untracked 
|  19|0x0000000704e00000, 0x0000000705000000, 0x0000000705000000|100%| O|  |TAMS 0x0000000705000000, 0x0000000704e00000| Untracked 
|  20|0x0000000705000000, 0x0000000705200000, 0x0000000705200000|100%| O|  |TAMS 0x0000000705200000, 0x0000000705000000| Untracked 
|  21|0x0000000705200000, 0x0000000705400000, 0x0000000705400000|100%| O|  |TAMS 0x0000000705400000, 0x0000000705200000| Untracked 
|  22|0x0000000705400000, 0x0000000705600000, 0x0000000705600000|100%| O|  |TAMS 0x0000000705600000, 0x0000000705400000| Untracked 
|  23|0x0000000705600000, 0x0000000705800000, 0x0000000705800000|100%| O|  |TAMS 0x0000000705800000, 0x0000000705600000| Untracked 
|  24|0x0000000705800000, 0x0000000705a00000, 0x0000000705a00000|100%| O|  |TAMS 0x0000000705a00000, 0x0000000705800000| Untracked 
|  25|0x0000000705a00000, 0x0000000705c00000, 0x0000000705c00000|100%| O|  |TAMS 0x0000000705c00000, 0x0000000705a00000| Untracked 
|  26|0x0000000705c00000, 0x0000000705e00000, 0x0000000705e00000|100%| O|  |TAMS 0x0000000705e00000, 0x0000000705c00000| Untracked 
|  27|0x0000000705e00000, 0x0000000706000000, 0x0000000706000000|100%|HS|  |TAMS 0x0000000706000000, 0x0000000705e00000| Complete 
|  28|0x0000000706000000, 0x0000000706200000, 0x0000000706200000|100%|HS|  |TAMS 0x0000000706200000, 0x0000000706000000| Complete 
|  29|0x0000000706200000, 0x0000000706400000, 0x0000000706400000|100%| O|  |TAMS 0x0000000706400000, 0x0000000706200000| Untracked 
|  30|0x0000000706400000, 0x0000000706600000, 0x0000000706600000|100%| O|  |TAMS 0x0000000706600000, 0x0000000706400000| Untracked 
|  31|0x0000000706600000, 0x0000000706800000, 0x0000000706800000|100%| O|  |TAMS 0x0000000706800000, 0x0000000706600000| Untracked 
|  32|0x0000000706800000, 0x0000000706a00000, 0x0000000706a00000|100%| O|  |TAMS 0x0000000706a00000, 0x0000000706800000| Untracked 
|  33|0x0000000706a00000, 0x0000000706c00000, 0x0000000706c00000|100%| O|  |TAMS 0x0000000706c00000, 0x0000000706a00000| Untracked 
|  34|0x0000000706c00000, 0x0000000706e00000, 0x0000000706e00000|100%| O|  |TAMS 0x0000000706e00000, 0x0000000706c00000| Untracked 
|  35|0x0000000706e00000, 0x0000000707000000, 0x0000000707000000|100%| O|  |TAMS 0x0000000707000000, 0x0000000706e00000| Untracked 
|  36|0x0000000707000000, 0x0000000707200000, 0x0000000707200000|100%| O|  |TAMS 0x0000000707200000, 0x0000000707000000| Untracked 
|  37|0x0000000707200000, 0x0000000707400000, 0x0000000707400000|100%| O|  |TAMS 0x0000000707400000, 0x0000000707200000| Untracked 
|  38|0x0000000707400000, 0x0000000707600000, 0x0000000707600000|100%| O|  |TAMS 0x0000000707600000, 0x0000000707400000| Untracked 
|  39|0x0000000707600000, 0x0000000707800000, 0x0000000707800000|100%| O|  |TAMS 0x0000000707800000, 0x0000000707600000| Untracked 
|  40|0x0000000707800000, 0x0000000707a00000, 0x0000000707a00000|100%| O|  |TAMS 0x0000000707a00000, 0x0000000707800000| Untracked 
|  41|0x0000000707a00000, 0x0000000707c00000, 0x0000000707c00000|100%| O|  |TAMS 0x0000000707c00000, 0x0000000707a00000| Untracked 
|  42|0x0000000707c00000, 0x0000000707e00000, 0x0000000707e00000|100%| O|  |TAMS 0x0000000707e00000, 0x0000000707c00000| Untracked 
|  43|0x0000000707e00000, 0x0000000708000000, 0x0000000708000000|100%| O|  |TAMS 0x0000000708000000, 0x0000000707e00000| Untracked 
|  44|0x0000000708000000, 0x0000000708200000, 0x0000000708200000|100%| O|  |TAMS 0x0000000708200000, 0x0000000708000000| Untracked 
|  45|0x0000000708200000, 0x0000000708400000, 0x0000000708400000|100%| O|  |TAMS 0x0000000708400000, 0x0000000708200000| Untracked 
|  46|0x0000000708400000, 0x0000000708600000, 0x0000000708600000|100%| O|  |TAMS 0x0000000708600000, 0x0000000708400000| Untracked 
|  47|0x0000000708600000, 0x0000000708800000, 0x0000000708800000|100%| O|  |TAMS 0x0000000708800000, 0x0000000708600000| Untracked 
|  48|0x0000000708800000, 0x0000000708a00000, 0x0000000708a00000|100%| O|  |TAMS 0x0000000708a00000, 0x0000000708800000| Untracked 
|  49|0x0000000708a00000, 0x0000000708c00000, 0x0000000708c00000|100%| O|  |TAMS 0x0000000708c00000, 0x0000000708a00000| Untracked 
|  50|0x0000000708c00000, 0x0000000708e00000, 0x0000000708e00000|100%| O|  |TAMS 0x0000000708e00000, 0x0000000708c00000| Untracked 
|  51|0x0000000708e00000, 0x0000000709000000, 0x0000000709000000|100%| O|  |TAMS 0x0000000709000000, 0x0000000708e00000| Untracked 
|  52|0x0000000709000000, 0x0000000709200000, 0x0000000709200000|100%|HS|  |TAMS 0x0000000709200000, 0x0000000709000000| Complete 
|  53|0x0000000709200000, 0x0000000709400000, 0x0000000709400000|100%|HC|  |TAMS 0x0000000709400000, 0x0000000709200000| Complete 
|  54|0x0000000709400000, 0x0000000709600000, 0x0000000709600000|100%|HC|  |TAMS 0x0000000709600000, 0x0000000709400000| Complete 
|  55|0x0000000709600000, 0x0000000709800000, 0x0000000709800000|100%|HC|  |TAMS 0x0000000709800000, 0x0000000709600000| Complete 
|  56|0x0000000709800000, 0x0000000709a00000, 0x0000000709a00000|100%|HC|  |TAMS 0x0000000709a00000, 0x0000000709800000| Complete 
|  57|0x0000000709a00000, 0x0000000709c00000, 0x0000000709c00000|100%|HC|  |TAMS 0x0000000709c00000, 0x0000000709a00000| Complete 
|  58|0x0000000709c00000, 0x0000000709e00000, 0x0000000709e00000|100%| O|  |TAMS 0x0000000709e00000, 0x0000000709c00000| Untracked 
|  59|0x0000000709e00000, 0x000000070a000000, 0x000000070a000000|100%| O|  |TAMS 0x000000070a000000, 0x0000000709e00000| Untracked 
|  60|0x000000070a000000, 0x000000070a200000, 0x000000070a200000|100%| O|  |TAMS 0x000000070a200000, 0x000000070a000000| Untracked 
|  61|0x000000070a200000, 0x000000070a400000, 0x000000070a400000|100%| O|  |TAMS 0x000000070a400000, 0x000000070a200000| Untracked 
|  62|0x000000070a400000, 0x000000070a600000, 0x000000070a600000|100%| O|  |TAMS 0x000000070a600000, 0x000000070a400000| Untracked 
|  63|0x000000070a600000, 0x000000070a800000, 0x000000070a800000|100%| O|  |TAMS 0x000000070a800000, 0x000000070a600000| Untracked 
|  64|0x000000070a800000, 0x000000070aa00000, 0x000000070aa00000|100%| O|  |TAMS 0x000000070aa00000, 0x000000070a800000| Untracked 
|  65|0x000000070aa00000, 0x000000070ac00000, 0x000000070ac00000|100%| O|  |TAMS 0x000000070ac00000, 0x000000070aa00000| Untracked 
|  66|0x000000070ac00000, 0x000000070ae00000, 0x000000070ae00000|100%| O|  |TAMS 0x000000070ae00000, 0x000000070ac00000| Untracked 
|  67|0x000000070ae00000, 0x000000070b000000, 0x000000070b000000|100%| O|  |TAMS 0x000000070b000000, 0x000000070ae00000| Untracked 
|  68|0x000000070b000000, 0x000000070b200000, 0x000000070b200000|100%| O|  |TAMS 0x000000070b200000, 0x000000070b000000| Untracked 
|  69|0x000000070b200000, 0x000000070b400000, 0x000000070b400000|100%| O|  |TAMS 0x000000070b400000, 0x000000070b200000| Untracked 
|  70|0x000000070b400000, 0x000000070b600000, 0x000000070b600000|100%| O|  |TAMS 0x000000070b600000, 0x000000070b400000| Untracked 
|  71|0x000000070b600000, 0x000000070b800000, 0x000000070b800000|100%| O|  |TAMS 0x000000070b800000, 0x000000070b600000| Untracked 
|  72|0x000000070b800000, 0x000000070ba00000, 0x000000070ba00000|100%| O|  |TAMS 0x000000070ba00000, 0x000000070b800000| Untracked 
|  73|0x000000070ba00000, 0x000000070bc00000, 0x000000070bc00000|100%| O|  |TAMS 0x000000070bc00000, 0x000000070ba00000| Untracked 
|  74|0x000000070bc00000, 0x000000070be00000, 0x000000070be00000|100%| O|  |TAMS 0x000000070be00000, 0x000000070bc00000| Untracked 
|  75|0x000000070be00000, 0x000000070c000000, 0x000000070c000000|100%| O|  |TAMS 0x000000070c000000, 0x000000070be00000| Untracked 
|  76|0x000000070c000000, 0x000000070c200000, 0x000000070c200000|100%| O|  |TAMS 0x000000070c200000, 0x000000070c000000| Untracked 
|  77|0x000000070c200000, 0x000000070c400000, 0x000000070c400000|100%| O|  |TAMS 0x000000070c400000, 0x000000070c200000| Untracked 
|  78|0x000000070c400000, 0x000000070c600000, 0x000000070c600000|100%| O|  |TAMS 0x000000070c600000, 0x000000070c400000| Untracked 
|  79|0x000000070c600000, 0x000000070c800000, 0x000000070c800000|100%| O|  |TAMS 0x000000070c800000, 0x000000070c600000| Untracked 
|  80|0x000000070c800000, 0x000000070ca00000, 0x000000070ca00000|100%| O|  |TAMS 0x000000070ca00000, 0x000000070c800000| Untracked 
|  81|0x000000070ca00000, 0x000000070cc00000, 0x000000070cc00000|100%| O|  |TAMS 0x000000070cc00000, 0x000000070ca00000| Untracked 
|  82|0x000000070cc00000, 0x000000070ce00000, 0x000000070ce00000|100%| O|  |TAMS 0x000000070ce00000, 0x000000070cc00000| Untracked 
|  83|0x000000070ce00000, 0x000000070d000000, 0x000000070d000000|100%| O|  |TAMS 0x000000070d000000, 0x000000070ce00000| Untracked 
|  84|0x000000070d000000, 0x000000070d200000, 0x000000070d200000|100%| O|  |TAMS 0x000000070d200000, 0x000000070d000000| Untracked 
|  85|0x000000070d200000, 0x000000070d400000, 0x000000070d400000|100%| O|  |TAMS 0x000000070d400000, 0x000000070d200000| Untracked 
|  86|0x000000070d400000, 0x000000070d600000, 0x000000070d600000|100%| O|  |TAMS 0x000000070d600000, 0x000000070d400000| Untracked 
|  87|0x000000070d600000, 0x000000070d800000, 0x000000070d800000|100%| O|  |TAMS 0x000000070d800000, 0x000000070d600000| Untracked 
|  88|0x000000070d800000, 0x000000070da00000, 0x000000070da00000|100%| O|  |TAMS 0x000000070da00000, 0x000000070d800000| Untracked 
|  89|0x000000070da00000, 0x000000070dc00000, 0x000000070dc00000|100%| O|  |TAMS 0x000000070dc00000, 0x000000070da00000| Untracked 
|  90|0x000000070dc00000, 0x000000070de00000, 0x000000070de00000|100%| O|  |TAMS 0x000000070de00000, 0x000000070dc00000| Untracked 
|  91|0x000000070de00000, 0x000000070e000000, 0x000000070e000000|100%| O|  |TAMS 0x000000070e000000, 0x000000070de00000| Untracked 
|  92|0x000000070e000000, 0x000000070e200000, 0x000000070e200000|100%| O|  |TAMS 0x000000070e200000, 0x000000070e000000| Untracked 
|  93|0x000000070e200000, 0x000000070e400000, 0x000000070e400000|100%| O|  |TAMS 0x000000070e400000, 0x000000070e200000| Untracked 
|  94|0x000000070e400000, 0x000000070e600000, 0x000000070e600000|100%| O|  |TAMS 0x000000070e600000, 0x000000070e400000| Untracked 
|  95|0x000000070e600000, 0x000000070e800000, 0x000000070e800000|100%| O|  |TAMS 0x000000070e800000, 0x000000070e600000| Untracked 
|  96|0x000000070e800000, 0x000000070ea00000, 0x000000070ea00000|100%| O|  |TAMS 0x000000070ea00000, 0x000000070e800000| Untracked 
|  97|0x000000070ea00000, 0x000000070ec00000, 0x000000070ec00000|100%| O|  |TAMS 0x000000070ec00000, 0x000000070ea00000| Untracked 
|  98|0x000000070ec00000, 0x000000070ee00000, 0x000000070ee00000|100%| O|  |TAMS 0x000000070ee00000, 0x000000070ec00000| Untracked 
|  99|0x000000070ee00000, 0x000000070f000000, 0x000000070f000000|100%| O|  |TAMS 0x000000070f000000, 0x000000070ee00000| Untracked 
| 100|0x000000070f000000, 0x000000070f200000, 0x000000070f200000|100%| O|  |TAMS 0x000000070f200000, 0x000000070f000000| Untracked 
| 101|0x000000070f200000, 0x000000070f400000, 0x000000070f400000|100%| O|  |TAMS 0x000000070f400000, 0x000000070f200000| Untracked 
| 102|0x000000070f400000, 0x000000070f600000, 0x000000070f600000|100%| O|  |TAMS 0x000000070f600000, 0x000000070f400000| Untracked 
| 103|0x000000070f600000, 0x000000070f800000, 0x000000070f800000|100%| O|  |TAMS 0x000000070f800000, 0x000000070f600000| Untracked 
| 104|0x000000070f800000, 0x000000070fa00000, 0x000000070fa00000|100%| O|  |TAMS 0x000000070fa00000, 0x000000070f800000| Untracked 
| 105|0x000000070fa00000, 0x000000070fc00000, 0x000000070fc00000|100%| O|  |TAMS 0x000000070fc00000, 0x000000070fa00000| Untracked 
| 106|0x000000070fc00000, 0x000000070fe00000, 0x000000070fe00000|100%| O|  |TAMS 0x000000070fe00000, 0x000000070fc00000| Untracked 
| 107|0x000000070fe00000, 0x0000000710000000, 0x0000000710000000|100%| O|  |TAMS 0x0000000710000000, 0x000000070fe00000| Untracked 
| 108|0x0000000710000000, 0x0000000710200000, 0x0000000710200000|100%| O|  |TAMS 0x0000000710200000, 0x0000000710000000| Untracked 
| 109|0x0000000710200000, 0x0000000710400000, 0x0000000710400000|100%| O|  |TAMS 0x0000000710400000, 0x0000000710200000| Untracked 
| 110|0x0000000710400000, 0x0000000710600000, 0x0000000710600000|100%| O|  |TAMS 0x0000000710600000, 0x0000000710400000| Untracked 
| 111|0x0000000710600000, 0x0000000710800000, 0x0000000710800000|100%| O|  |TAMS 0x0000000710800000, 0x0000000710600000| Untracked 
| 112|0x0000000710800000, 0x0000000710a00000, 0x0000000710a00000|100%| O|  |TAMS 0x0000000710a00000, 0x0000000710800000| Untracked 
| 113|0x0000000710a00000, 0x0000000710c00000, 0x0000000710c00000|100%| O|  |TAMS 0x0000000710c00000, 0x0000000710a00000| Untracked 
| 114|0x0000000710c00000, 0x0000000710e00000, 0x0000000710e00000|100%| O|  |TAMS 0x0000000710e00000, 0x0000000710c00000| Untracked 
| 115|0x0000000710e00000, 0x0000000711000000, 0x0000000711000000|100%| O|  |TAMS 0x0000000711000000, 0x0000000710e00000| Untracked 
| 116|0x0000000711000000, 0x0000000711200000, 0x0000000711200000|100%| O|  |TAMS 0x0000000711200000, 0x0000000711000000| Untracked 
| 117|0x0000000711200000, 0x0000000711400000, 0x0000000711400000|100%| O|  |TAMS 0x0000000711400000, 0x0000000711200000| Untracked 
| 118|0x0000000711400000, 0x0000000711600000, 0x0000000711600000|100%| O|  |TAMS 0x0000000711600000, 0x0000000711400000| Untracked 
| 119|0x0000000711600000, 0x0000000711800000, 0x0000000711800000|100%| O|  |TAMS 0x0000000711800000, 0x0000000711600000| Untracked 
| 120|0x0000000711800000, 0x0000000711a00000, 0x0000000711a00000|100%| O|  |TAMS 0x0000000711a00000, 0x0000000711800000| Untracked 
| 121|0x0000000711a00000, 0x0000000711c00000, 0x0000000711c00000|100%| O|  |TAMS 0x0000000711c00000, 0x0000000711a00000| Untracked 
| 122|0x0000000711c00000, 0x0000000711e00000, 0x0000000711e00000|100%| O|  |TAMS 0x0000000711e00000, 0x0000000711c00000| Untracked 
| 123|0x0000000711e00000, 0x0000000712000000, 0x0000000712000000|100%| O|  |TAMS 0x0000000712000000, 0x0000000711e00000| Untracked 
| 124|0x0000000712000000, 0x0000000712200000, 0x0000000712200000|100%| O|  |TAMS 0x0000000712200000, 0x0000000712000000| Untracked 
| 125|0x0000000712200000, 0x0000000712400000, 0x0000000712400000|100%| O|  |TAMS 0x0000000712400000, 0x0000000712200000| Untracked 
| 126|0x0000000712400000, 0x0000000712600000, 0x0000000712600000|100%| O|  |TAMS 0x0000000712600000, 0x0000000712400000| Untracked 
| 127|0x0000000712600000, 0x0000000712800000, 0x0000000712800000|100%| O|  |TAMS 0x0000000712800000, 0x0000000712600000| Untracked 
| 128|0x0000000712800000, 0x0000000712a00000, 0x0000000712a00000|100%| O|  |TAMS 0x0000000712a00000, 0x0000000712800000| Untracked 
| 129|0x0000000712a00000, 0x0000000712c00000, 0x0000000712c00000|100%| O|  |TAMS 0x0000000712c00000, 0x0000000712a00000| Untracked 
| 130|0x0000000712c00000, 0x0000000712e00000, 0x0000000712e00000|100%| O|  |TAMS 0x0000000712e00000, 0x0000000712c00000| Untracked 
| 131|0x0000000712e00000, 0x0000000713000000, 0x0000000713000000|100%| O|  |TAMS 0x0000000713000000, 0x0000000712e00000| Untracked 
| 132|0x0000000713000000, 0x0000000713200000, 0x0000000713200000|100%| O|  |TAMS 0x0000000713200000, 0x0000000713000000| Untracked 
| 133|0x0000000713200000, 0x0000000713400000, 0x0000000713400000|100%| O|  |TAMS 0x0000000713400000, 0x0000000713200000| Untracked 
| 134|0x0000000713400000, 0x0000000713600000, 0x0000000713600000|100%| O|  |TAMS 0x0000000713600000, 0x0000000713400000| Untracked 
| 135|0x0000000713600000, 0x0000000713800000, 0x0000000713800000|100%| O|  |TAMS 0x0000000713800000, 0x0000000713600000| Untracked 
| 136|0x0000000713800000, 0x0000000713a00000, 0x0000000713a00000|100%| O|  |TAMS 0x0000000713a00000, 0x0000000713800000| Untracked 
| 137|0x0000000713a00000, 0x0000000713c00000, 0x0000000713c00000|100%| O|  |TAMS 0x0000000713c00000, 0x0000000713a00000| Untracked 
| 138|0x0000000713c00000, 0x0000000713e00000, 0x0000000713e00000|100%| O|  |TAMS 0x0000000713e00000, 0x0000000713c00000| Untracked 
| 139|0x0000000713e00000, 0x0000000714000000, 0x0000000714000000|100%| O|  |TAMS 0x0000000714000000, 0x0000000713e00000| Untracked 
| 140|0x0000000714000000, 0x0000000714200000, 0x0000000714200000|100%| O|  |TAMS 0x0000000714200000, 0x0000000714000000| Untracked 
| 141|0x0000000714200000, 0x0000000714400000, 0x0000000714400000|100%| O|  |TAMS 0x0000000714400000, 0x0000000714200000| Untracked 
| 142|0x0000000714400000, 0x0000000714600000, 0x0000000714600000|100%| O|  |TAMS 0x0000000714600000, 0x0000000714400000| Untracked 
| 143|0x0000000714600000, 0x0000000714800000, 0x0000000714800000|100%| O|  |TAMS 0x0000000714800000, 0x0000000714600000| Untracked 
| 144|0x0000000714800000, 0x0000000714a00000, 0x0000000714a00000|100%| O|  |TAMS 0x0000000714a00000, 0x0000000714800000| Untracked 
| 145|0x0000000714a00000, 0x0000000714c00000, 0x0000000714c00000|100%| O|  |TAMS 0x0000000714c00000, 0x0000000714a00000| Untracked 
| 146|0x0000000714c00000, 0x0000000714e00000, 0x0000000714e00000|100%| O|  |TAMS 0x0000000714e00000, 0x0000000714c00000| Untracked 
| 147|0x0000000714e00000, 0x0000000715000000, 0x0000000715000000|100%| O|  |TAMS 0x0000000715000000, 0x0000000714e00000| Untracked 
| 148|0x0000000715000000, 0x0000000715200000, 0x0000000715200000|100%| O|  |TAMS 0x0000000715200000, 0x0000000715000000| Untracked 
| 149|0x0000000715200000, 0x0000000715400000, 0x0000000715400000|100%| O|  |TAMS 0x0000000715400000, 0x0000000715200000| Untracked 
| 150|0x0000000715400000, 0x0000000715600000, 0x0000000715600000|100%| O|  |TAMS 0x0000000715600000, 0x0000000715400000| Untracked 
| 151|0x0000000715600000, 0x0000000715800000, 0x0000000715800000|100%| O|  |TAMS 0x0000000715800000, 0x0000000715600000| Untracked 
| 152|0x0000000715800000, 0x0000000715a00000, 0x0000000715a00000|100%| O|  |TAMS 0x0000000715a00000, 0x0000000715800000| Untracked 
| 153|0x0000000715a00000, 0x0000000715c00000, 0x0000000715c00000|100%| O|  |TAMS 0x0000000715c00000, 0x0000000715a00000| Untracked 
| 154|0x0000000715c00000, 0x0000000715e00000, 0x0000000715e00000|100%| O|  |TAMS 0x0000000715e00000, 0x0000000715c00000| Untracked 
| 155|0x0000000715e00000, 0x0000000716000000, 0x0000000716000000|100%| O|  |TAMS 0x0000000716000000, 0x0000000715e00000| Untracked 
| 156|0x0000000716000000, 0x0000000716200000, 0x0000000716200000|100%| O|  |TAMS 0x0000000716200000, 0x0000000716000000| Untracked 
| 157|0x0000000716200000, 0x0000000716400000, 0x0000000716400000|100%| O|  |TAMS 0x0000000716400000, 0x0000000716200000| Untracked 
| 158|0x0000000716400000, 0x0000000716600000, 0x0000000716600000|100%| O|  |TAMS 0x0000000716600000, 0x0000000716400000| Untracked 
| 159|0x0000000716600000, 0x0000000716800000, 0x0000000716800000|100%| O|  |TAMS 0x0000000716800000, 0x0000000716600000| Untracked 
| 160|0x0000000716800000, 0x0000000716a00000, 0x0000000716a00000|100%| O|  |TAMS 0x0000000716a00000, 0x0000000716800000| Untracked 
| 161|0x0000000716a00000, 0x0000000716c00000, 0x0000000716c00000|100%| O|  |TAMS 0x0000000716c00000, 0x0000000716a00000| Untracked 
| 162|0x0000000716c00000, 0x0000000716e00000, 0x0000000716e00000|100%| O|  |TAMS 0x0000000716e00000, 0x0000000716c00000| Untracked 
| 163|0x0000000716e00000, 0x0000000717000000, 0x0000000717000000|100%| O|  |TAMS 0x0000000717000000, 0x0000000716e00000| Untracked 
| 164|0x0000000717000000, 0x0000000717200000, 0x0000000717200000|100%| O|  |TAMS 0x0000000717200000, 0x0000000717000000| Untracked 
| 165|0x0000000717200000, 0x0000000717400000, 0x0000000717400000|100%| O|  |TAMS 0x0000000717400000, 0x0000000717200000| Untracked 
| 166|0x0000000717400000, 0x0000000717600000, 0x0000000717600000|100%| O|  |TAMS 0x0000000717600000, 0x0000000717400000| Untracked 
| 167|0x0000000717600000, 0x0000000717800000, 0x0000000717800000|100%| O|  |TAMS 0x0000000717800000, 0x0000000717600000| Untracked 
| 168|0x0000000717800000, 0x0000000717a00000, 0x0000000717a00000|100%| O|  |TAMS 0x0000000717a00000, 0x0000000717800000| Untracked 
| 169|0x0000000717a00000, 0x0000000717c00000, 0x0000000717c00000|100%| O|  |TAMS 0x0000000717c00000, 0x0000000717a00000| Untracked 
| 170|0x0000000717c00000, 0x0000000717e00000, 0x0000000717e00000|100%| O|  |TAMS 0x0000000717e00000, 0x0000000717c00000| Untracked 
| 171|0x0000000717e00000, 0x0000000718000000, 0x0000000718000000|100%| O|  |TAMS 0x0000000718000000, 0x0000000717e00000| Untracked 
| 172|0x0000000718000000, 0x0000000718200000, 0x0000000718200000|100%| O|  |TAMS 0x0000000718200000, 0x0000000718000000| Untracked 
| 173|0x0000000718200000, 0x0000000718400000, 0x0000000718400000|100%| O|  |TAMS 0x0000000718400000, 0x0000000718200000| Untracked 
| 174|0x0000000718400000, 0x0000000718600000, 0x0000000718600000|100%| O|  |TAMS 0x0000000718600000, 0x0000000718400000| Untracked 
| 175|0x0000000718600000, 0x0000000718800000, 0x0000000718800000|100%| O|  |TAMS 0x0000000718800000, 0x0000000718600000| Untracked 
| 176|0x0000000718800000, 0x0000000718a00000, 0x0000000718a00000|100%| O|  |TAMS 0x0000000718a00000, 0x0000000718800000| Untracked 
| 177|0x0000000718a00000, 0x0000000718c00000, 0x0000000718c00000|100%| O|  |TAMS 0x0000000718c00000, 0x0000000718a00000| Untracked 
| 178|0x0000000718c00000, 0x0000000718e00000, 0x0000000718e00000|100%| O|  |TAMS 0x0000000718e00000, 0x0000000718c00000| Untracked 
| 179|0x0000000718e00000, 0x0000000719000000, 0x0000000719000000|100%| O|  |TAMS 0x0000000719000000, 0x0000000718e00000| Untracked 
| 180|0x0000000719000000, 0x0000000719200000, 0x0000000719200000|100%| O|  |TAMS 0x0000000719200000, 0x0000000719000000| Untracked 
| 181|0x0000000719200000, 0x0000000719400000, 0x0000000719400000|100%| O|  |TAMS 0x0000000719400000, 0x0000000719200000| Untracked 
| 182|0x0000000719400000, 0x0000000719600000, 0x0000000719600000|100%| O|  |TAMS 0x0000000719600000, 0x0000000719400000| Untracked 
| 183|0x0000000719600000, 0x0000000719800000, 0x0000000719800000|100%|HS|  |TAMS 0x0000000719800000, 0x0000000719600000| Complete 
| 184|0x0000000719800000, 0x0000000719a00000, 0x0000000719a00000|100%| O|  |TAMS 0x0000000719a00000, 0x0000000719800000| Untracked 
| 185|0x0000000719a00000, 0x0000000719c00000, 0x0000000719c00000|100%| O|  |TAMS 0x0000000719c00000, 0x0000000719a00000| Untracked 
| 186|0x0000000719c00000, 0x0000000719e00000, 0x0000000719e00000|100%| O|  |TAMS 0x0000000719e00000, 0x0000000719c00000| Untracked 
| 187|0x0000000719e00000, 0x000000071a000000, 0x000000071a000000|100%| O|  |TAMS 0x000000071a000000, 0x0000000719e00000| Untracked 
| 188|0x000000071a000000, 0x000000071a200000, 0x000000071a200000|100%| O|  |TAMS 0x000000071a200000, 0x000000071a000000| Untracked 
| 189|0x000000071a200000, 0x000000071a400000, 0x000000071a400000|100%| O|  |TAMS 0x000000071a400000, 0x000000071a200000| Untracked 
| 190|0x000000071a400000, 0x000000071a600000, 0x000000071a600000|100%| O|  |TAMS 0x000000071a600000, 0x000000071a400000| Untracked 
| 191|0x000000071a600000, 0x000000071a800000, 0x000000071a800000|100%| O|  |TAMS 0x000000071a800000, 0x000000071a600000| Untracked 
| 192|0x000000071a800000, 0x000000071aa00000, 0x000000071aa00000|100%| O|  |TAMS 0x000000071aa00000, 0x000000071a800000| Untracked 
| 193|0x000000071aa00000, 0x000000071ac00000, 0x000000071ac00000|100%| O|  |TAMS 0x000000071ac00000, 0x000000071aa00000| Untracked 
| 194|0x000000071ac00000, 0x000000071ae00000, 0x000000071ae00000|100%| O|  |TAMS 0x000000071ae00000, 0x000000071ac00000| Untracked 
| 195|0x000000071ae00000, 0x000000071b000000, 0x000000071b000000|100%| O|  |TAMS 0x000000071b000000, 0x000000071ae00000| Untracked 
| 196|0x000000071b000000, 0x000000071b200000, 0x000000071b200000|100%| O|  |TAMS 0x000000071b200000, 0x000000071b000000| Untracked 
| 197|0x000000071b200000, 0x000000071b400000, 0x000000071b400000|100%| O|  |TAMS 0x000000071b400000, 0x000000071b200000| Untracked 
| 198|0x000000071b400000, 0x000000071b600000, 0x000000071b600000|100%| O|  |TAMS 0x000000071b600000, 0x000000071b400000| Untracked 
| 199|0x000000071b600000, 0x000000071b800000, 0x000000071b800000|100%| O|  |TAMS 0x000000071b800000, 0x000000071b600000| Untracked 
| 200|0x000000071b800000, 0x000000071ba00000, 0x000000071ba00000|100%| O|  |TAMS 0x000000071ba00000, 0x000000071b800000| Untracked 
| 201|0x000000071ba00000, 0x000000071bc00000, 0x000000071bc00000|100%| O|  |TAMS 0x000000071bc00000, 0x000000071ba00000| Untracked 
| 202|0x000000071bc00000, 0x000000071be00000, 0x000000071be00000|100%| O|  |TAMS 0x000000071be00000, 0x000000071bc00000| Untracked 
| 203|0x000000071be00000, 0x000000071c000000, 0x000000071c000000|100%| O|  |TAMS 0x000000071c000000, 0x000000071be00000| Untracked 
| 204|0x000000071c000000, 0x000000071c200000, 0x000000071c200000|100%| O|  |TAMS 0x000000071c200000, 0x000000071c000000| Untracked 
| 205|0x000000071c200000, 0x000000071c400000, 0x000000071c400000|100%| O|  |TAMS 0x000000071c400000, 0x000000071c200000| Untracked 
| 206|0x000000071c400000, 0x000000071c600000, 0x000000071c600000|100%| O|  |TAMS 0x000000071c600000, 0x000000071c400000| Untracked 
| 207|0x000000071c600000, 0x000000071c800000, 0x000000071c800000|100%| O|  |TAMS 0x000000071c800000, 0x000000071c600000| Untracked 
| 208|0x000000071c800000, 0x000000071ca00000, 0x000000071ca00000|100%| O|  |TAMS 0x000000071ca00000, 0x000000071c800000| Untracked 
| 209|0x000000071ca00000, 0x000000071cc00000, 0x000000071cc00000|100%| O|  |TAMS 0x000000071cc00000, 0x000000071ca00000| Untracked 
| 210|0x000000071cc00000, 0x000000071ce00000, 0x000000071ce00000|100%| O|  |TAMS 0x000000071ce00000, 0x000000071cc00000| Untracked 
| 211|0x000000071ce00000, 0x000000071d000000, 0x000000071d000000|100%| O|  |TAMS 0x000000071d000000, 0x000000071ce00000| Untracked 
| 212|0x000000071d000000, 0x000000071d200000, 0x000000071d200000|100%| O|  |TAMS 0x000000071d200000, 0x000000071d000000| Untracked 
| 213|0x000000071d200000, 0x000000071d400000, 0x000000071d400000|100%| O|  |TAMS 0x000000071d400000, 0x000000071d200000| Untracked 
| 214|0x000000071d400000, 0x000000071d600000, 0x000000071d600000|100%| O|  |TAMS 0x000000071d600000, 0x000000071d400000| Untracked 
| 215|0x000000071d600000, 0x000000071d800000, 0x000000071d800000|100%| O|  |TAMS 0x000000071d800000, 0x000000071d600000| Untracked 
| 216|0x000000071d800000, 0x000000071da00000, 0x000000071da00000|100%| O|  |TAMS 0x000000071da00000, 0x000000071d800000| Untracked 
| 217|0x000000071da00000, 0x000000071dc00000, 0x000000071dc00000|100%| O|  |TAMS 0x000000071dc00000, 0x000000071da00000| Untracked 
| 218|0x000000071dc00000, 0x000000071de00000, 0x000000071de00000|100%| O|  |TAMS 0x000000071de00000, 0x000000071dc00000| Untracked 
| 219|0x000000071de00000, 0x000000071e000000, 0x000000071e000000|100%| O|  |TAMS 0x000000071e000000, 0x000000071de00000| Untracked 
| 220|0x000000071e000000, 0x000000071e200000, 0x000000071e200000|100%| O|  |TAMS 0x000000071e200000, 0x000000071e000000| Untracked 
| 221|0x000000071e200000, 0x000000071e400000, 0x000000071e400000|100%| O|  |TAMS 0x000000071e400000, 0x000000071e200000| Untracked 
| 222|0x000000071e400000, 0x000000071e600000, 0x000000071e600000|100%| O|  |TAMS 0x000000071e600000, 0x000000071e400000| Untracked 
| 223|0x000000071e600000, 0x000000071e800000, 0x000000071e800000|100%| O|  |TAMS 0x000000071e800000, 0x000000071e600000| Untracked 
| 224|0x000000071e800000, 0x000000071ea00000, 0x000000071ea00000|100%| O|  |TAMS 0x000000071ea00000, 0x000000071e800000| Untracked 
| 225|0x000000071ea00000, 0x000000071ec00000, 0x000000071ec00000|100%| O|  |TAMS 0x000000071ec00000, 0x000000071ea00000| Untracked 
| 226|0x000000071ec00000, 0x000000071ee00000, 0x000000071ee00000|100%| O|  |TAMS 0x000000071ee00000, 0x000000071ec00000| Untracked 
| 227|0x000000071ee00000, 0x000000071f000000, 0x000000071f000000|100%| O|  |TAMS 0x000000071f000000, 0x000000071ee00000| Untracked 
| 228|0x000000071f000000, 0x000000071f200000, 0x000000071f200000|100%| O|  |TAMS 0x000000071f200000, 0x000000071f000000| Untracked 
| 229|0x000000071f200000, 0x000000071f400000, 0x000000071f400000|100%| O|  |TAMS 0x000000071f400000, 0x000000071f200000| Untracked 
| 230|0x000000071f400000, 0x000000071f600000, 0x000000071f600000|100%| O|  |TAMS 0x000000071f600000, 0x000000071f400000| Untracked 
| 231|0x000000071f600000, 0x000000071f800000, 0x000000071f800000|100%| O|  |TAMS 0x000000071f800000, 0x000000071f600000| Untracked 
| 232|0x000000071f800000, 0x000000071fa00000, 0x000000071fa00000|100%| O|  |TAMS 0x000000071fa00000, 0x000000071f800000| Untracked 
| 233|0x000000071fa00000, 0x000000071fc00000, 0x000000071fc00000|100%| O|  |TAMS 0x000000071fc00000, 0x000000071fa00000| Untracked 
| 234|0x000000071fc00000, 0x000000071fe00000, 0x000000071fe00000|100%| O|  |TAMS 0x000000071fe00000, 0x000000071fc00000| Untracked 
| 235|0x000000071fe00000, 0x0000000720000000, 0x0000000720000000|100%| O|  |TAMS 0x0000000720000000, 0x000000071fe00000| Untracked 
| 236|0x0000000720000000, 0x0000000720200000, 0x0000000720200000|100%| O|  |TAMS 0x0000000720200000, 0x0000000720000000| Untracked 
| 237|0x0000000720200000, 0x0000000720400000, 0x0000000720400000|100%| O|  |TAMS 0x0000000720400000, 0x0000000720200000| Untracked 
| 238|0x0000000720400000, 0x0000000720600000, 0x0000000720600000|100%| O|  |TAMS 0x0000000720600000, 0x0000000720400000| Untracked 
| 239|0x0000000720600000, 0x0000000720800000, 0x0000000720800000|100%| O|  |TAMS 0x0000000720800000, 0x0000000720600000| Untracked 
| 240|0x0000000720800000, 0x0000000720a00000, 0x0000000720a00000|100%| O|  |TAMS 0x0000000720a00000, 0x0000000720800000| Untracked 
| 241|0x0000000720a00000, 0x0000000720c00000, 0x0000000720c00000|100%| O|  |TAMS 0x0000000720c00000, 0x0000000720a00000| Untracked 
| 242|0x0000000720c00000, 0x0000000720e00000, 0x0000000720e00000|100%| O|  |TAMS 0x0000000720e00000, 0x0000000720c00000| Untracked 
| 243|0x0000000720e00000, 0x0000000721000000, 0x0000000721000000|100%| O|  |TAMS 0x0000000721000000, 0x0000000720e00000| Untracked 
| 244|0x0000000721000000, 0x0000000721200000, 0x0000000721200000|100%| O|  |TAMS 0x0000000721200000, 0x0000000721000000| Untracked 
| 245|0x0000000721200000, 0x0000000721400000, 0x0000000721400000|100%| O|  |TAMS 0x0000000721400000, 0x0000000721200000| Untracked 
| 246|0x0000000721400000, 0x0000000721600000, 0x0000000721600000|100%| O|  |TAMS 0x0000000721600000, 0x0000000721400000| Untracked 
| 247|0x0000000721600000, 0x0000000721800000, 0x0000000721800000|100%| O|  |TAMS 0x0000000721800000, 0x0000000721600000| Untracked 
| 248|0x0000000721800000, 0x0000000721a00000, 0x0000000721a00000|100%| O|  |TAMS 0x0000000721a00000, 0x0000000721800000| Untracked 
| 249|0x0000000721a00000, 0x0000000721c00000, 0x0000000721c00000|100%| O|  |TAMS 0x0000000721c00000, 0x0000000721a00000| Untracked 
| 250|0x0000000721c00000, 0x0000000721e00000, 0x0000000721e00000|100%| O|  |TAMS 0x0000000721e00000, 0x0000000721c00000| Untracked 
| 251|0x0000000721e00000, 0x0000000722000000, 0x0000000722000000|100%| O|  |TAMS 0x0000000722000000, 0x0000000721e00000| Untracked 
| 252|0x0000000722000000, 0x0000000722200000, 0x0000000722200000|100%| O|  |TAMS 0x0000000722200000, 0x0000000722000000| Untracked 
| 253|0x0000000722200000, 0x0000000722400000, 0x0000000722400000|100%| O|  |TAMS 0x0000000722400000, 0x0000000722200000| Untracked 
| 254|0x0000000722400000, 0x0000000722600000, 0x0000000722600000|100%| O|  |TAMS 0x0000000722600000, 0x0000000722400000| Untracked 
| 255|0x0000000722600000, 0x0000000722800000, 0x0000000722800000|100%| O|  |TAMS 0x0000000722800000, 0x0000000722600000| Untracked 
| 256|0x0000000722800000, 0x0000000722a00000, 0x0000000722a00000|100%| O|  |TAMS 0x0000000722a00000, 0x0000000722800000| Untracked 
| 257|0x0000000722a00000, 0x0000000722c00000, 0x0000000722c00000|100%| O|  |TAMS 0x0000000722c00000, 0x0000000722a00000| Untracked 
| 258|0x0000000722c00000, 0x0000000722e00000, 0x0000000722e00000|100%|HS|  |TAMS 0x0000000722c00000, 0x0000000722c00000| Complete 
| 259|0x0000000722e00000, 0x0000000723000000, 0x0000000723000000|100%| O|  |TAMS 0x0000000723000000, 0x0000000722e00000| Untracked 
| 260|0x0000000723000000, 0x0000000723200000, 0x0000000723200000|100%| O|  |TAMS 0x0000000723200000, 0x0000000723000000| Untracked 
| 261|0x0000000723200000, 0x0000000723400000, 0x0000000723400000|100%| O|  |TAMS 0x0000000723400000, 0x0000000723200000| Untracked 
| 262|0x0000000723400000, 0x0000000723600000, 0x0000000723600000|100%| O|  |TAMS 0x0000000723600000, 0x0000000723400000| Untracked 
| 263|0x0000000723600000, 0x0000000723800000, 0x0000000723800000|100%| O|  |TAMS 0x0000000723800000, 0x0000000723600000| Untracked 
| 264|0x0000000723800000, 0x0000000723a00000, 0x0000000723a00000|100%| O|  |TAMS 0x0000000723a00000, 0x0000000723800000| Untracked 
| 265|0x0000000723a00000, 0x0000000723c00000, 0x0000000723c00000|100%| O|  |TAMS 0x0000000723c00000, 0x0000000723a00000| Untracked 
| 266|0x0000000723c00000, 0x0000000723e00000, 0x0000000723e00000|100%| O|  |TAMS 0x0000000723c00000, 0x0000000723c00000| Untracked 
| 267|0x0000000723e00000, 0x0000000724000000, 0x0000000724000000|100%| O|  |TAMS 0x0000000724000000, 0x0000000723e00000| Untracked 
| 268|0x0000000724000000, 0x0000000724200000, 0x0000000724200000|100%| O|  |TAMS 0x0000000724200000, 0x0000000724000000| Untracked 
| 269|0x0000000724200000, 0x0000000724400000, 0x0000000724400000|100%| O|  |TAMS 0x0000000724400000, 0x0000000724200000| Untracked 
| 270|0x0000000724400000, 0x0000000724600000, 0x0000000724600000|100%| O|  |TAMS 0x0000000724600000, 0x0000000724400000| Untracked 
| 271|0x0000000724600000, 0x0000000724800000, 0x0000000724800000|100%| O|  |TAMS 0x0000000724800000, 0x0000000724600000| Untracked 
| 272|0x0000000724800000, 0x0000000724a00000, 0x0000000724a00000|100%| O|  |TAMS 0x0000000724a00000, 0x0000000724800000| Untracked 
| 273|0x0000000724a00000, 0x0000000724c00000, 0x0000000724c00000|100%| O|  |TAMS 0x0000000724a00000, 0x0000000724a00000| Untracked 
| 274|0x0000000724c00000, 0x0000000724e00000, 0x0000000724e00000|100%| O|  |TAMS 0x0000000724e00000, 0x0000000724c00000| Untracked 
| 275|0x0000000724e00000, 0x0000000725000000, 0x0000000725000000|100%|HS|  |TAMS 0x0000000724e00000, 0x0000000724e00000| Complete 
| 276|0x0000000725000000, 0x0000000725200000, 0x0000000725200000|100%|HC|  |TAMS 0x0000000725000000, 0x0000000725000000| Complete 
| 277|0x0000000725200000, 0x0000000725400000, 0x0000000725400000|100%| O|  |TAMS 0x0000000725200000, 0x0000000725200000| Untracked 
| 278|0x0000000725400000, 0x0000000725600000, 0x0000000725600000|100%| O|  |TAMS 0x0000000725400000, 0x0000000725400000| Untracked 
| 279|0x0000000725600000, 0x0000000725800000, 0x0000000725800000|100%| O|  |TAMS 0x0000000725600000, 0x0000000725600000| Untracked 
| 280|0x0000000725800000, 0x0000000725a00000, 0x0000000725a00000|100%| O|  |TAMS 0x0000000725800000, 0x0000000725800000| Untracked 
| 281|0x0000000725a00000, 0x0000000725c00000, 0x0000000725c00000|100%| O|  |TAMS 0x0000000725a00000, 0x0000000725a00000| Untracked 
| 282|0x0000000725c00000, 0x0000000725e00000, 0x0000000725e00000|100%| O|  |TAMS 0x0000000725c00000, 0x0000000725c00000| Untracked 
| 283|0x0000000725e00000, 0x0000000726000000, 0x0000000726000000|100%| O|  |TAMS 0x0000000725e00000, 0x0000000725e00000| Untracked 
| 284|0x0000000726000000, 0x0000000726200000, 0x0000000726200000|100%| O|  |TAMS 0x0000000726000000, 0x0000000726000000| Untracked 
| 285|0x0000000726200000, 0x0000000726400000, 0x0000000726400000|100%| O|  |TAMS 0x0000000726200000, 0x0000000726200000| Untracked 
| 286|0x0000000726400000, 0x0000000726600000, 0x0000000726600000|100%| O|  |TAMS 0x0000000726400000, 0x0000000726400000| Untracked 
| 287|0x0000000726600000, 0x0000000726800000, 0x0000000726800000|100%| O|  |TAMS 0x0000000726600000, 0x0000000726600000| Untracked 
| 288|0x0000000726800000, 0x0000000726a00000, 0x0000000726a00000|100%| O|  |TAMS 0x0000000726800000, 0x0000000726800000| Untracked 
| 289|0x0000000726a00000, 0x0000000726c00000, 0x0000000726c00000|100%| O|  |TAMS 0x0000000726a00000, 0x0000000726a00000| Untracked 
| 290|0x0000000726c00000, 0x0000000726e00000, 0x0000000726e00000|100%| O|  |TAMS 0x0000000726c00000, 0x0000000726c00000| Untracked 
| 291|0x0000000726e00000, 0x0000000727000000, 0x0000000727000000|100%| O|  |TAMS 0x0000000726e00000, 0x0000000726e00000| Untracked 
| 292|0x0000000727000000, 0x0000000727200000, 0x0000000727200000|100%| O|  |TAMS 0x0000000727000000, 0x0000000727000000| Untracked 
| 293|0x0000000727200000, 0x0000000727400000, 0x0000000727400000|100%| O|  |TAMS 0x0000000727400000, 0x0000000727200000| Untracked 
| 294|0x0000000727400000, 0x0000000727600000, 0x0000000727600000|100%| O|  |TAMS 0x0000000727600000, 0x0000000727400000| Untracked 
| 295|0x0000000727600000, 0x0000000727800000, 0x0000000727800000|100%| O|  |TAMS 0x0000000727800000, 0x0000000727600000| Untracked 
| 296|0x0000000727800000, 0x0000000727a00000, 0x0000000727a00000|100%| O|  |TAMS 0x0000000727a00000, 0x0000000727800000| Untracked 
| 297|0x0000000727a00000, 0x0000000727c00000, 0x0000000727c00000|100%| O|  |TAMS 0x0000000727c00000, 0x0000000727a00000| Untracked 
| 298|0x0000000727c00000, 0x0000000727e00000, 0x0000000727e00000|100%| O|  |TAMS 0x0000000727e00000, 0x0000000727c00000| Untracked 
| 299|0x0000000727e00000, 0x0000000728000000, 0x0000000728000000|100%| O|  |TAMS 0x0000000728000000, 0x0000000727e00000| Untracked 
| 300|0x0000000728000000, 0x0000000728200000, 0x0000000728200000|100%| O|  |TAMS 0x0000000728200000, 0x0000000728000000| Untracked 
| 301|0x0000000728200000, 0x0000000728400000, 0x0000000728400000|100%| O|  |TAMS 0x0000000728400000, 0x0000000728200000| Untracked 
| 302|0x0000000728400000, 0x0000000728600000, 0x0000000728600000|100%| O|  |TAMS 0x0000000728600000, 0x0000000728400000| Untracked 
| 303|0x0000000728600000, 0x0000000728800000, 0x0000000728800000|100%| O|  |TAMS 0x0000000728600000, 0x0000000728600000| Untracked 
| 304|0x0000000728800000, 0x0000000728a00000, 0x0000000728a00000|100%| O|  |TAMS 0x0000000728a00000, 0x0000000728800000| Untracked 
| 305|0x0000000728a00000, 0x0000000728c00000, 0x0000000728c00000|100%| O|  |TAMS 0x0000000728c00000, 0x0000000728a00000| Untracked 
| 306|0x0000000728c00000, 0x0000000728e00000, 0x0000000728e00000|100%| O|  |TAMS 0x0000000728e00000, 0x0000000728c00000| Untracked 
| 307|0x0000000728e00000, 0x0000000729000000, 0x0000000729000000|100%| O|  |TAMS 0x0000000729000000, 0x0000000728e00000| Untracked 
| 308|0x0000000729000000, 0x0000000729200000, 0x0000000729200000|100%| O|  |TAMS 0x0000000729200000, 0x0000000729000000| Untracked 
| 309|0x0000000729200000, 0x0000000729400000, 0x0000000729400000|100%| O|  |TAMS 0x0000000729400000, 0x0000000729200000| Untracked 
| 310|0x0000000729400000, 0x0000000729600000, 0x0000000729600000|100%| O|  |TAMS 0x0000000729600000, 0x0000000729400000| Untracked 
| 311|0x0000000729600000, 0x0000000729800000, 0x0000000729800000|100%| O|  |TAMS 0x0000000729800000, 0x0000000729600000| Untracked 
| 312|0x0000000729800000, 0x0000000729a00000, 0x0000000729a00000|100%| O|  |TAMS 0x0000000729a00000, 0x0000000729800000| Untracked 
| 313|0x0000000729a00000, 0x0000000729c00000, 0x0000000729c00000|100%| O|  |TAMS 0x0000000729c00000, 0x0000000729a00000| Untracked 
| 314|0x0000000729c00000, 0x0000000729e00000, 0x0000000729e00000|100%| O|  |TAMS 0x0000000729e00000, 0x0000000729c00000| Untracked 
| 315|0x0000000729e00000, 0x000000072a000000, 0x000000072a000000|100%| O|  |TAMS 0x000000072a000000, 0x0000000729e00000| Untracked 
| 316|0x000000072a000000, 0x000000072a200000, 0x000000072a200000|100%| O|  |TAMS 0x000000072a200000, 0x000000072a000000| Untracked 
| 317|0x000000072a200000, 0x000000072a400000, 0x000000072a400000|100%| O|  |TAMS 0x000000072a400000, 0x000000072a200000| Untracked 
| 318|0x000000072a400000, 0x000000072a600000, 0x000000072a600000|100%| O|  |TAMS 0x000000072a600000, 0x000000072a400000| Untracked 
| 319|0x000000072a600000, 0x000000072a800000, 0x000000072a800000|100%| O|  |TAMS 0x000000072a800000, 0x000000072a600000| Untracked 
| 320|0x000000072a800000, 0x000000072aa00000, 0x000000072aa00000|100%| O|  |TAMS 0x000000072aa00000, 0x000000072a800000| Untracked 
| 321|0x000000072aa00000, 0x000000072ac00000, 0x000000072ac00000|100%| O|  |TAMS 0x000000072ac00000, 0x000000072aa00000| Untracked 
| 322|0x000000072ac00000, 0x000000072ae00000, 0x000000072ae00000|100%| O|  |TAMS 0x000000072ae00000, 0x000000072ac00000| Untracked 
| 323|0x000000072ae00000, 0x000000072b000000, 0x000000072b000000|100%| O|  |TAMS 0x000000072b000000, 0x000000072ae00000| Untracked 
| 324|0x000000072b000000, 0x000000072b200000, 0x000000072b200000|100%| O|  |TAMS 0x000000072b000000, 0x000000072b000000| Untracked 
| 325|0x000000072b200000, 0x000000072b400000, 0x000000072b400000|100%| O|  |TAMS 0x000000072b400000, 0x000000072b200000| Untracked 
| 326|0x000000072b400000, 0x000000072b600000, 0x000000072b600000|100%| O|  |TAMS 0x000000072b400000, 0x000000072b400000| Untracked 
| 327|0x000000072b600000, 0x000000072b800000, 0x000000072b800000|100%| O|  |TAMS 0x000000072b600000, 0x000000072b600000| Untracked 
| 328|0x000000072b800000, 0x000000072ba00000, 0x000000072ba00000|100%| O|  |TAMS 0x000000072b800000, 0x000000072b800000| Untracked 
| 329|0x000000072ba00000, 0x000000072bc00000, 0x000000072bc00000|100%| O|  |TAMS 0x000000072ba00000, 0x000000072ba00000| Untracked 
| 330|0x000000072bc00000, 0x000000072be00000, 0x000000072be00000|100%| O|  |TAMS 0x000000072bc00000, 0x000000072bc00000| Untracked 
| 331|0x000000072be00000, 0x000000072c000000, 0x000000072c000000|100%| O|  |TAMS 0x000000072be00000, 0x000000072be00000| Untracked 
| 332|0x000000072c000000, 0x000000072c200000, 0x000000072c200000|100%| O|  |TAMS 0x000000072c000000, 0x000000072c000000| Untracked 
| 333|0x000000072c200000, 0x000000072c400000, 0x000000072c400000|100%| O|  |TAMS 0x000000072c400000, 0x000000072c200000| Untracked 
| 334|0x000000072c400000, 0x000000072c600000, 0x000000072c600000|100%| O|  |TAMS 0x000000072c600000, 0x000000072c400000| Untracked 
| 335|0x000000072c600000, 0x000000072c800000, 0x000000072c800000|100%| O|  |TAMS 0x000000072c800000, 0x000000072c600000| Untracked 
| 336|0x000000072c800000, 0x000000072ca00000, 0x000000072ca00000|100%| O|  |TAMS 0x000000072c800000, 0x000000072c800000| Untracked 
| 337|0x000000072ca00000, 0x000000072cc00000, 0x000000072cc00000|100%| O|  |TAMS 0x000000072ca00000, 0x000000072ca00000| Untracked 
| 338|0x000000072cc00000, 0x000000072ce00000, 0x000000072ce00000|100%| O|  |TAMS 0x000000072cc00000, 0x000000072cc00000| Untracked 
| 339|0x000000072ce00000, 0x000000072d000000, 0x000000072d000000|100%| O|  |TAMS 0x000000072ce00000, 0x000000072ce00000| Untracked 
| 340|0x000000072d000000, 0x000000072d200000, 0x000000072d200000|100%| O|  |TAMS 0x000000072d000000, 0x000000072d000000| Untracked 
| 341|0x000000072d200000, 0x000000072d400000, 0x000000072d400000|100%| O|  |TAMS 0x000000072d200000, 0x000000072d200000| Untracked 
| 342|0x000000072d400000, 0x000000072d600000, 0x000000072d600000|100%| O|  |TAMS 0x000000072d400000, 0x000000072d400000| Untracked 
| 343|0x000000072d600000, 0x000000072d800000, 0x000000072d800000|100%| O|  |TAMS 0x000000072d600000, 0x000000072d600000| Untracked 
| 344|0x000000072d800000, 0x000000072da00000, 0x000000072da00000|100%| O|  |TAMS 0x000000072d800000, 0x000000072d800000| Untracked 
| 345|0x000000072da00000, 0x000000072dc00000, 0x000000072dc00000|100%| O|  |TAMS 0x000000072da00000, 0x000000072da00000| Untracked 
| 346|0x000000072dc00000, 0x000000072de00000, 0x000000072de00000|100%| O|  |TAMS 0x000000072dc00000, 0x000000072dc00000| Untracked 
| 347|0x000000072de00000, 0x000000072e000000, 0x000000072e000000|100%| O|  |TAMS 0x000000072de00000, 0x000000072de00000| Untracked 
| 348|0x000000072e000000, 0x000000072e000000, 0x000000072e200000|  0%| F|  |TAMS 0x000000072e000000, 0x000000072e000000| Untracked 
| 349|0x000000072e200000, 0x000000072e400000, 0x000000072e400000|100%| O|  |TAMS 0x000000072e400000, 0x000000072e200000| Untracked 
| 350|0x000000072e400000, 0x000000072e600000, 0x000000072e600000|100%| O|  |TAMS 0x000000072e600000, 0x000000072e400000| Untracked 
| 351|0x000000072e600000, 0x000000072e800000, 0x000000072e800000|100%| O|  |TAMS 0x000000072e800000, 0x000000072e600000| Untracked 
| 352|0x000000072e800000, 0x000000072e800000, 0x000000072ea00000|  0%| F|  |TAMS 0x000000072e800000, 0x000000072e800000| Untracked 
| 353|0x000000072ea00000, 0x000000072ea00000, 0x000000072ec00000|  0%| F|  |TAMS 0x000000072ea00000, 0x000000072ea00000| Untracked 
| 354|0x000000072ec00000, 0x000000072ec00000, 0x000000072ee00000|  0%| F|  |TAMS 0x000000072ec00000, 0x000000072ec00000| Untracked 
| 355|0x000000072ee00000, 0x000000072ee00000, 0x000000072f000000|  0%| F|  |TAMS 0x000000072ee00000, 0x000000072ee00000| Untracked 
| 356|0x000000072f000000, 0x000000072f000000, 0x000000072f200000|  0%| F|  |TAMS 0x000000072f000000, 0x000000072f000000| Untracked 
| 357|0x000000072f200000, 0x000000072f200000, 0x000000072f400000|  0%| F|  |TAMS 0x000000072f200000, 0x000000072f200000| Untracked 
| 358|0x000000072f400000, 0x000000072f400000, 0x000000072f600000|  0%| F|  |TAMS 0x000000072f400000, 0x000000072f400000| Untracked 
| 359|0x000000072f600000, 0x000000072f600000, 0x000000072f800000|  0%| F|  |TAMS 0x000000072f600000, 0x000000072f600000| Untracked 
| 360|0x000000072f800000, 0x000000072f800000, 0x000000072fa00000|  0%| F|  |TAMS 0x000000072f800000, 0x000000072f800000| Untracked 
| 361|0x000000072fa00000, 0x000000072fa00000, 0x000000072fc00000|  0%| F|  |TAMS 0x000000072fa00000, 0x000000072fa00000| Untracked 
| 362|0x000000072fc00000, 0x000000072fc00000, 0x000000072fe00000|  0%| F|  |TAMS 0x000000072fc00000, 0x000000072fc00000| Untracked 
| 363|0x000000072fe00000, 0x000000072fe00000, 0x0000000730000000|  0%| F|  |TAMS 0x000000072fe00000, 0x000000072fe00000| Untracked 
| 364|0x0000000730000000, 0x0000000730000000, 0x0000000730200000|  0%| F|  |TAMS 0x0000000730000000, 0x0000000730000000| Untracked 
| 365|0x0000000730200000, 0x0000000730200000, 0x0000000730400000|  0%| F|  |TAMS 0x0000000730200000, 0x0000000730200000| Untracked 
| 366|0x0000000730400000, 0x0000000730400000, 0x0000000730600000|  0%| F|  |TAMS 0x0000000730400000, 0x0000000730400000| Untracked 
| 367|0x0000000730600000, 0x0000000730600000, 0x0000000730800000|  0%| F|  |TAMS 0x0000000730600000, 0x0000000730600000| Untracked 
| 368|0x0000000730800000, 0x0000000730800000, 0x0000000730a00000|  0%| F|  |TAMS 0x0000000730800000, 0x0000000730800000| Untracked 
| 369|0x0000000730a00000, 0x0000000730a00000, 0x0000000730c00000|  0%| F|  |TAMS 0x0000000730a00000, 0x0000000730a00000| Untracked 
| 370|0x0000000730c00000, 0x0000000730c00000, 0x0000000730e00000|  0%| F|  |TAMS 0x0000000730c00000, 0x0000000730c00000| Untracked 
| 371|0x0000000730e00000, 0x0000000730e00000, 0x0000000731000000|  0%| F|  |TAMS 0x0000000730e00000, 0x0000000730e00000| Untracked 
| 372|0x0000000731000000, 0x0000000731000000, 0x0000000731200000|  0%| F|  |TAMS 0x0000000731000000, 0x0000000731000000| Untracked 
| 373|0x0000000731200000, 0x0000000731200000, 0x0000000731400000|  0%| F|  |TAMS 0x0000000731200000, 0x0000000731200000| Untracked 
| 374|0x0000000731400000, 0x0000000731400000, 0x0000000731600000|  0%| F|  |TAMS 0x0000000731400000, 0x0000000731400000| Untracked 
| 375|0x0000000731600000, 0x0000000731600000, 0x0000000731800000|  0%| F|  |TAMS 0x0000000731600000, 0x0000000731600000| Untracked 
| 376|0x0000000731800000, 0x0000000731800000, 0x0000000731a00000|  0%| F|  |TAMS 0x0000000731800000, 0x0000000731800000| Untracked 
| 377|0x0000000731a00000, 0x0000000731a00000, 0x0000000731c00000|  0%| F|  |TAMS 0x0000000731a00000, 0x0000000731a00000| Untracked 
| 378|0x0000000731c00000, 0x0000000731c00000, 0x0000000731e00000|  0%| F|  |TAMS 0x0000000731c00000, 0x0000000731c00000| Untracked 
| 379|0x0000000731e00000, 0x0000000732000000, 0x0000000732000000|100%| O|  |TAMS 0x0000000732000000, 0x0000000731e00000| Untracked 
| 380|0x0000000732000000, 0x0000000732000000, 0x0000000732200000|  0%| F|  |TAMS 0x0000000732000000, 0x0000000732000000| Untracked 
| 381|0x0000000732200000, 0x0000000732200000, 0x0000000732400000|  0%| F|  |TAMS 0x0000000732200000, 0x0000000732200000| Untracked 
| 382|0x0000000732400000, 0x0000000732400000, 0x0000000732600000|  0%| F|  |TAMS 0x0000000732400000, 0x0000000732400000| Untracked 
| 383|0x0000000732600000, 0x0000000732600000, 0x0000000732800000|  0%| F|  |TAMS 0x0000000732600000, 0x0000000732600000| Untracked 
| 384|0x0000000732800000, 0x0000000732a00000, 0x0000000732a00000|100%| O|  |TAMS 0x0000000732a00000, 0x0000000732800000| Untracked 
| 385|0x0000000732a00000, 0x0000000732a00000, 0x0000000732c00000|  0%| F|  |TAMS 0x0000000732a00000, 0x0000000732a00000| Untracked 
| 386|0x0000000732c00000, 0x0000000732e00000, 0x0000000732e00000|100%| O|  |TAMS 0x0000000732e00000, 0x0000000732c00000| Untracked 
| 387|0x0000000732e00000, 0x0000000732e00000, 0x0000000733000000|  0%| F|  |TAMS 0x0000000732e00000, 0x0000000732e00000| Untracked 
| 388|0x0000000733000000, 0x0000000733000000, 0x0000000733200000|  0%| F|  |TAMS 0x0000000733000000, 0x0000000733000000| Untracked 
| 389|0x0000000733200000, 0x0000000733400000, 0x0000000733400000|100%| O|  |TAMS 0x0000000733400000, 0x0000000733200000| Untracked 
| 390|0x0000000733400000, 0x0000000733600000, 0x0000000733600000|100%| O|  |TAMS 0x0000000733600000, 0x0000000733400000| Untracked 
| 391|0x0000000733600000, 0x0000000733800000, 0x0000000733800000|100%| O|  |TAMS 0x0000000733800000, 0x0000000733600000| Untracked 
| 392|0x0000000733800000, 0x0000000733a00000, 0x0000000733a00000|100%| O|  |TAMS 0x0000000733a00000, 0x0000000733800000| Untracked 
| 393|0x0000000733a00000, 0x0000000733c00000, 0x0000000733c00000|100%| O|  |TAMS 0x0000000733c00000, 0x0000000733a00000| Untracked 
| 394|0x0000000733c00000, 0x0000000733e00000, 0x0000000733e00000|100%| O|  |TAMS 0x0000000733e00000, 0x0000000733c00000| Untracked 
| 395|0x0000000733e00000, 0x0000000734000000, 0x0000000734000000|100%| O|  |TAMS 0x0000000734000000, 0x0000000733e00000| Untracked 
| 396|0x0000000734000000, 0x0000000734200000, 0x0000000734200000|100%| O|  |TAMS 0x0000000734200000, 0x0000000734000000| Untracked 
| 397|0x0000000734200000, 0x0000000734400000, 0x0000000734400000|100%| O|  |TAMS 0x0000000734400000, 0x0000000734200000| Untracked 
| 398|0x0000000734400000, 0x0000000734600000, 0x0000000734600000|100%| O|  |TAMS 0x0000000734600000, 0x0000000734400000| Untracked 
| 399|0x0000000734600000, 0x0000000734800000, 0x0000000734800000|100%| O|  |TAMS 0x0000000734800000, 0x0000000734600000| Untracked 
| 400|0x0000000734800000, 0x0000000734a00000, 0x0000000734a00000|100%| O|  |TAMS 0x0000000734a00000, 0x0000000734800000| Untracked 
| 401|0x0000000734a00000, 0x0000000734c00000, 0x0000000734c00000|100%| O|  |TAMS 0x0000000734c00000, 0x0000000734a00000| Untracked 
| 402|0x0000000734c00000, 0x0000000734e00000, 0x0000000734e00000|100%| O|  |TAMS 0x0000000734e00000, 0x0000000734c00000| Untracked 
| 403|0x0000000734e00000, 0x0000000735000000, 0x0000000735000000|100%| O|  |TAMS 0x0000000735000000, 0x0000000734e00000| Untracked 
| 404|0x0000000735000000, 0x0000000735200000, 0x0000000735200000|100%| O|  |TAMS 0x0000000735200000, 0x0000000735000000| Untracked 
| 405|0x0000000735200000, 0x0000000735200000, 0x0000000735400000|  0%| F|  |TAMS 0x0000000735200000, 0x0000000735200000| Untracked 
| 406|0x0000000735400000, 0x0000000735400000, 0x0000000735600000|  0%| F|  |TAMS 0x0000000735400000, 0x0000000735400000| Untracked 
| 407|0x0000000735600000, 0x0000000735600000, 0x0000000735800000|  0%| F|  |TAMS 0x0000000735600000, 0x0000000735600000| Untracked 
| 408|0x0000000735800000, 0x0000000735800000, 0x0000000735a00000|  0%| F|  |TAMS 0x0000000735800000, 0x0000000735800000| Untracked 
| 409|0x0000000735a00000, 0x0000000735a00000, 0x0000000735c00000|  0%| F|  |TAMS 0x0000000735a00000, 0x0000000735a00000| Untracked 
| 410|0x0000000735c00000, 0x0000000735c00000, 0x0000000735e00000|  0%| F|  |TAMS 0x0000000735c00000, 0x0000000735c00000| Untracked 
| 411|0x0000000735e00000, 0x0000000735e00000, 0x0000000736000000|  0%| F|  |TAMS 0x0000000735e00000, 0x0000000735e00000| Untracked 
| 412|0x0000000736000000, 0x0000000736000000, 0x0000000736200000|  0%| F|  |TAMS 0x0000000736000000, 0x0000000736000000| Untracked 
| 413|0x0000000736200000, 0x0000000736200000, 0x0000000736400000|  0%| F|  |TAMS 0x0000000736200000, 0x0000000736200000| Untracked 
| 414|0x0000000736400000, 0x0000000736400000, 0x0000000736600000|  0%| F|  |TAMS 0x0000000736400000, 0x0000000736400000| Untracked 
| 415|0x0000000736600000, 0x0000000736600000, 0x0000000736800000|  0%| F|  |TAMS 0x0000000736600000, 0x0000000736600000| Untracked 
| 416|0x0000000736800000, 0x0000000736800000, 0x0000000736a00000|  0%| F|  |TAMS 0x0000000736800000, 0x0000000736800000| Untracked 
| 417|0x0000000736a00000, 0x0000000736a00000, 0x0000000736c00000|  0%| F|  |TAMS 0x0000000736a00000, 0x0000000736a00000| Untracked 
| 418|0x0000000736c00000, 0x0000000736c00000, 0x0000000736e00000|  0%| F|  |TAMS 0x0000000736c00000, 0x0000000736c00000| Untracked 
| 419|0x0000000736e00000, 0x0000000736e00000, 0x0000000737000000|  0%| F|  |TAMS 0x0000000736e00000, 0x0000000736e00000| Untracked 
| 420|0x0000000737000000, 0x0000000737000000, 0x0000000737200000|  0%| F|  |TAMS 0x0000000737000000, 0x0000000737000000| Untracked 
| 421|0x0000000737200000, 0x0000000737200000, 0x0000000737400000|  0%| F|  |TAMS 0x0000000737200000, 0x0000000737200000| Untracked 
| 422|0x0000000737400000, 0x0000000737400000, 0x0000000737600000|  0%| F|  |TAMS 0x0000000737400000, 0x0000000737400000| Untracked 
| 423|0x0000000737600000, 0x0000000737600000, 0x0000000737800000|  0%| F|  |TAMS 0x0000000737600000, 0x0000000737600000| Untracked 
| 424|0x0000000737800000, 0x0000000737800000, 0x0000000737a00000|  0%| F|  |TAMS 0x0000000737800000, 0x0000000737800000| Untracked 
| 425|0x0000000737a00000, 0x0000000737a00000, 0x0000000737c00000|  0%| F|  |TAMS 0x0000000737a00000, 0x0000000737a00000| Untracked 
| 426|0x0000000737c00000, 0x0000000737c00000, 0x0000000737e00000|  0%| F|  |TAMS 0x0000000737c00000, 0x0000000737c00000| Untracked 
| 427|0x0000000737e00000, 0x0000000738000000, 0x0000000738000000|100%| O|  |TAMS 0x0000000738000000, 0x0000000737e00000| Untracked 
| 428|0x0000000738000000, 0x0000000738000000, 0x0000000738200000|  0%| F|  |TAMS 0x0000000738000000, 0x0000000738000000| Untracked 
| 429|0x0000000738200000, 0x0000000738200000, 0x0000000738400000|  0%| F|  |TAMS 0x0000000738200000, 0x0000000738200000| Untracked 
| 430|0x0000000738400000, 0x0000000738400000, 0x0000000738600000|  0%| F|  |TAMS 0x0000000738400000, 0x0000000738400000| Untracked 
| 431|0x0000000738600000, 0x0000000738600000, 0x0000000738800000|  0%| F|  |TAMS 0x0000000738600000, 0x0000000738600000| Untracked 
| 432|0x0000000738800000, 0x0000000738800000, 0x0000000738a00000|  0%| F|  |TAMS 0x0000000738800000, 0x0000000738800000| Untracked 
| 433|0x0000000738a00000, 0x0000000738a00000, 0x0000000738c00000|  0%| F|  |TAMS 0x0000000738a00000, 0x0000000738a00000| Untracked 
| 434|0x0000000738c00000, 0x0000000738c00000, 0x0000000738e00000|  0%| F|  |TAMS 0x0000000738c00000, 0x0000000738c00000| Untracked 
| 435|0x0000000738e00000, 0x0000000738e00000, 0x0000000739000000|  0%| F|  |TAMS 0x0000000738e00000, 0x0000000738e00000| Untracked 
| 436|0x0000000739000000, 0x0000000739000000, 0x0000000739200000|  0%| F|  |TAMS 0x0000000739000000, 0x0000000739000000| Untracked 
| 437|0x0000000739200000, 0x0000000739200000, 0x0000000739400000|  0%| F|  |TAMS 0x0000000739200000, 0x0000000739200000| Untracked 
| 438|0x0000000739400000, 0x0000000739400000, 0x0000000739600000|  0%| F|  |TAMS 0x0000000739400000, 0x0000000739400000| Untracked 
| 439|0x0000000739600000, 0x0000000739600000, 0x0000000739800000|  0%| F|  |TAMS 0x0000000739600000, 0x0000000739600000| Untracked 
| 440|0x0000000739800000, 0x0000000739800000, 0x0000000739a00000|  0%| F|  |TAMS 0x0000000739800000, 0x0000000739800000| Untracked 
| 441|0x0000000739a00000, 0x0000000739a00000, 0x0000000739c00000|  0%| F|  |TAMS 0x0000000739a00000, 0x0000000739a00000| Untracked 
| 442|0x0000000739c00000, 0x0000000739c00000, 0x0000000739e00000|  0%| F|  |TAMS 0x0000000739c00000, 0x0000000739c00000| Untracked 
| 443|0x0000000739e00000, 0x0000000739e00000, 0x000000073a000000|  0%| F|  |TAMS 0x0000000739e00000, 0x0000000739e00000| Untracked 
| 444|0x000000073a000000, 0x000000073a000000, 0x000000073a200000|  0%| F|  |TAMS 0x000000073a000000, 0x000000073a000000| Untracked 
| 445|0x000000073a200000, 0x000000073a200000, 0x000000073a400000|  0%| F|  |TAMS 0x000000073a200000, 0x000000073a200000| Untracked 
| 446|0x000000073a400000, 0x000000073a400000, 0x000000073a600000|  0%| F|  |TAMS 0x000000073a400000, 0x000000073a400000| Untracked 
| 447|0x000000073a600000, 0x000000073a600000, 0x000000073a800000|  0%| F|  |TAMS 0x000000073a600000, 0x000000073a600000| Untracked 
| 448|0x000000073a800000, 0x000000073aa00000, 0x000000073aa00000|100%| O|  |TAMS 0x000000073aa00000, 0x000000073a800000| Untracked 
| 449|0x000000073aa00000, 0x000000073ac00000, 0x000000073ac00000|100%| O|  |TAMS 0x000000073ac00000, 0x000000073aa00000| Untracked 
| 450|0x000000073ac00000, 0x000000073ac00000, 0x000000073ae00000|  0%| F|  |TAMS 0x000000073ac00000, 0x000000073ac00000| Untracked 
| 451|0x000000073ae00000, 0x000000073ae00000, 0x000000073b000000|  0%| F|  |TAMS 0x000000073ae00000, 0x000000073ae00000| Untracked 
| 452|0x000000073b000000, 0x000000073b000000, 0x000000073b200000|  0%| F|  |TAMS 0x000000073b000000, 0x000000073b000000| Untracked 
| 453|0x000000073b200000, 0x000000073b200000, 0x000000073b400000|  0%| F|  |TAMS 0x000000073b200000, 0x000000073b200000| Untracked 
| 454|0x000000073b400000, 0x000000073b400000, 0x000000073b600000|  0%| F|  |TAMS 0x000000073b400000, 0x000000073b400000| Untracked 
| 455|0x000000073b600000, 0x000000073b800000, 0x000000073b800000|100%| O|  |TAMS 0x000000073b800000, 0x000000073b600000| Untracked 
| 456|0x000000073b800000, 0x000000073b800000, 0x000000073ba00000|  0%| F|  |TAMS 0x000000073b800000, 0x000000073b800000| Untracked 
| 457|0x000000073ba00000, 0x000000073ba00000, 0x000000073bc00000|  0%| F|  |TAMS 0x000000073ba00000, 0x000000073ba00000| Untracked 
| 458|0x000000073bc00000, 0x000000073bc00000, 0x000000073be00000|  0%| F|  |TAMS 0x000000073bc00000, 0x000000073bc00000| Untracked 
| 459|0x000000073be00000, 0x000000073be00000, 0x000000073c000000|  0%| F|  |TAMS 0x000000073be00000, 0x000000073be00000| Untracked 
| 460|0x000000073c000000, 0x000000073c000000, 0x000000073c200000|  0%| F|  |TAMS 0x000000073c000000, 0x000000073c000000| Untracked 
| 461|0x000000073c200000, 0x000000073c400000, 0x000000073c400000|100%| O|  |TAMS 0x000000073c400000, 0x000000073c200000| Untracked 
| 462|0x000000073c400000, 0x000000073c400000, 0x000000073c600000|  0%| F|  |TAMS 0x000000073c400000, 0x000000073c400000| Untracked 
| 463|0x000000073c600000, 0x000000073c600000, 0x000000073c800000|  0%| F|  |TAMS 0x000000073c600000, 0x000000073c600000| Untracked 
| 464|0x000000073c800000, 0x000000073c800000, 0x000000073ca00000|  0%| F|  |TAMS 0x000000073c800000, 0x000000073c800000| Untracked 
| 465|0x000000073ca00000, 0x000000073ca00000, 0x000000073cc00000|  0%| F|  |TAMS 0x000000073ca00000, 0x000000073ca00000| Untracked 
| 466|0x000000073cc00000, 0x000000073cc00000, 0x000000073ce00000|  0%| F|  |TAMS 0x000000073cc00000, 0x000000073cc00000| Untracked 
| 467|0x000000073ce00000, 0x000000073d000000, 0x000000073d000000|100%| O|  |TAMS 0x000000073d000000, 0x000000073ce00000| Untracked 
| 468|0x000000073d000000, 0x000000073d200000, 0x000000073d200000|100%| O|  |TAMS 0x000000073d200000, 0x000000073d000000| Untracked 
| 469|0x000000073d200000, 0x000000073d400000, 0x000000073d400000|100%| O|  |TAMS 0x000000073d400000, 0x000000073d200000| Untracked 
| 470|0x000000073d400000, 0x000000073d600000, 0x000000073d600000|100%| O|  |TAMS 0x000000073d600000, 0x000000073d400000| Untracked 
| 471|0x000000073d600000, 0x000000073d800000, 0x000000073d800000|100%| O|  |TAMS 0x000000073d800000, 0x000000073d600000| Untracked 
| 472|0x000000073d800000, 0x000000073d800000, 0x000000073da00000|  0%| F|  |TAMS 0x000000073d800000, 0x000000073d800000| Untracked 
| 473|0x000000073da00000, 0x000000073da00000, 0x000000073dc00000|  0%| F|  |TAMS 0x000000073da00000, 0x000000073da00000| Untracked 
| 474|0x000000073dc00000, 0x000000073dc00000, 0x000000073de00000|  0%| F|  |TAMS 0x000000073dc00000, 0x000000073dc00000| Untracked 
| 475|0x000000073de00000, 0x000000073de00000, 0x000000073e000000|  0%| F|  |TAMS 0x000000073de00000, 0x000000073de00000| Untracked 
| 476|0x000000073e000000, 0x000000073e000000, 0x000000073e200000|  0%| F|  |TAMS 0x000000073e000000, 0x000000073e000000| Untracked 
| 477|0x000000073e200000, 0x000000073e200000, 0x000000073e400000|  0%| F|  |TAMS 0x000000073e200000, 0x000000073e200000| Untracked 
| 478|0x000000073e400000, 0x000000073e600000, 0x000000073e600000|100%| O|  |TAMS 0x000000073e600000, 0x000000073e400000| Untracked 
| 479|0x000000073e600000, 0x000000073e800000, 0x000000073e800000|100%| O|  |TAMS 0x000000073e800000, 0x000000073e600000| Untracked 
| 480|0x000000073e800000, 0x000000073ea00000, 0x000000073ea00000|100%| O|  |TAMS 0x000000073ea00000, 0x000000073e800000| Untracked 
| 481|0x000000073ea00000, 0x000000073ec00000, 0x000000073ec00000|100%| O|  |TAMS 0x000000073ec00000, 0x000000073ea00000| Untracked 
| 482|0x000000073ec00000, 0x000000073ee00000, 0x000000073ee00000|100%| O|  |TAMS 0x000000073ee00000, 0x000000073ec00000| Untracked 
| 483|0x000000073ee00000, 0x000000073f000000, 0x000000073f000000|100%| O|  |TAMS 0x000000073f000000, 0x000000073ee00000| Untracked 
| 484|0x000000073f000000, 0x000000073f200000, 0x000000073f200000|100%| O|  |TAMS 0x000000073f200000, 0x000000073f000000| Untracked 
| 485|0x000000073f200000, 0x000000073f400000, 0x000000073f400000|100%| O|  |TAMS 0x000000073f400000, 0x000000073f200000| Untracked 
| 486|0x000000073f400000, 0x000000073f600000, 0x000000073f600000|100%| O|  |TAMS 0x000000073f600000, 0x000000073f400000| Untracked 
| 487|0x000000073f600000, 0x000000073f800000, 0x000000073f800000|100%| O|  |TAMS 0x000000073f800000, 0x000000073f600000| Untracked 
| 488|0x000000073f800000, 0x000000073fa00000, 0x000000073fa00000|100%| O|  |TAMS 0x000000073fa00000, 0x000000073f800000| Untracked 
| 489|0x000000073fa00000, 0x000000073fc00000, 0x000000073fc00000|100%| O|  |TAMS 0x000000073fc00000, 0x000000073fa00000| Untracked 
| 490|0x000000073fc00000, 0x000000073fe00000, 0x000000073fe00000|100%| O|  |TAMS 0x000000073fe00000, 0x000000073fc00000| Untracked 
| 491|0x000000073fe00000, 0x0000000740000000, 0x0000000740000000|100%| O|  |TAMS 0x0000000740000000, 0x000000073fe00000| Untracked 
| 492|0x0000000740000000, 0x0000000740200000, 0x0000000740200000|100%| O|  |TAMS 0x0000000740200000, 0x0000000740000000| Untracked 
| 493|0x0000000740200000, 0x0000000740400000, 0x0000000740400000|100%| O|  |TAMS 0x0000000740400000, 0x0000000740200000| Untracked 
| 494|0x0000000740400000, 0x0000000740600000, 0x0000000740600000|100%| O|  |TAMS 0x0000000740600000, 0x0000000740400000| Untracked 
| 495|0x0000000740600000, 0x0000000740800000, 0x0000000740800000|100%| O|  |TAMS 0x0000000740800000, 0x0000000740600000| Untracked 
| 496|0x0000000740800000, 0x0000000740a00000, 0x0000000740a00000|100%| O|  |TAMS 0x0000000740a00000, 0x0000000740800000| Untracked 
| 497|0x0000000740a00000, 0x0000000740c00000, 0x0000000740c00000|100%| O|  |TAMS 0x0000000740c00000, 0x0000000740a00000| Untracked 
| 498|0x0000000740c00000, 0x0000000740e00000, 0x0000000740e00000|100%| O|  |TAMS 0x0000000740e00000, 0x0000000740c00000| Untracked 
| 499|0x0000000740e00000, 0x0000000741000000, 0x0000000741000000|100%| O|  |TAMS 0x0000000741000000, 0x0000000740e00000| Untracked 
| 500|0x0000000741000000, 0x0000000741200000, 0x0000000741200000|100%| O|  |TAMS 0x0000000741200000, 0x0000000741000000| Untracked 
| 501|0x0000000741200000, 0x0000000741400000, 0x0000000741400000|100%| O|  |TAMS 0x0000000741400000, 0x0000000741200000| Untracked 
| 502|0x0000000741400000, 0x0000000741600000, 0x0000000741600000|100%| O|  |TAMS 0x0000000741600000, 0x0000000741400000| Untracked 
| 503|0x0000000741600000, 0x0000000741800000, 0x0000000741800000|100%| O|  |TAMS 0x0000000741800000, 0x0000000741600000| Untracked 
| 504|0x0000000741800000, 0x0000000741a00000, 0x0000000741a00000|100%| O|  |TAMS 0x0000000741a00000, 0x0000000741800000| Untracked 
| 505|0x0000000741a00000, 0x0000000741c00000, 0x0000000741c00000|100%| O|  |TAMS 0x0000000741c00000, 0x0000000741a00000| Untracked 
| 506|0x0000000741c00000, 0x0000000741e00000, 0x0000000741e00000|100%| O|  |TAMS 0x0000000741e00000, 0x0000000741c00000| Untracked 
| 507|0x0000000741e00000, 0x0000000742000000, 0x0000000742000000|100%| O|  |TAMS 0x0000000742000000, 0x0000000741e00000| Untracked 
| 508|0x0000000742000000, 0x0000000742200000, 0x0000000742200000|100%| O|  |TAMS 0x0000000742200000, 0x0000000742000000| Untracked 
| 509|0x0000000742200000, 0x0000000742400000, 0x0000000742400000|100%| O|  |TAMS 0x0000000742400000, 0x0000000742200000| Untracked 
| 510|0x0000000742400000, 0x0000000742600000, 0x0000000742600000|100%| O|  |TAMS 0x0000000742600000, 0x0000000742400000| Untracked 
| 511|0x0000000742600000, 0x0000000742800000, 0x0000000742800000|100%| O|  |TAMS 0x0000000742800000, 0x0000000742600000| Untracked 
| 512|0x0000000742800000, 0x0000000742a00000, 0x0000000742a00000|100%| O|  |TAMS 0x0000000742a00000, 0x0000000742800000| Untracked 
| 513|0x0000000742a00000, 0x0000000742c00000, 0x0000000742c00000|100%| O|  |TAMS 0x0000000742c00000, 0x0000000742a00000| Untracked 
| 514|0x0000000742c00000, 0x0000000742e00000, 0x0000000742e00000|100%| O|  |TAMS 0x0000000742e00000, 0x0000000742c00000| Untracked 
| 515|0x0000000742e00000, 0x0000000743000000, 0x0000000743000000|100%| O|  |TAMS 0x0000000743000000, 0x0000000742e00000| Untracked 
| 516|0x0000000743000000, 0x0000000743200000, 0x0000000743200000|100%| O|  |TAMS 0x0000000743200000, 0x0000000743000000| Untracked 
| 517|0x0000000743200000, 0x0000000743400000, 0x0000000743400000|100%| O|  |TAMS 0x0000000743400000, 0x0000000743200000| Untracked 
| 518|0x0000000743400000, 0x0000000743600000, 0x0000000743600000|100%| O|  |TAMS 0x0000000743600000, 0x0000000743400000| Untracked 
| 519|0x0000000743600000, 0x0000000743800000, 0x0000000743800000|100%| O|  |TAMS 0x0000000743800000, 0x0000000743600000| Untracked 
| 520|0x0000000743800000, 0x0000000743a00000, 0x0000000743a00000|100%| O|  |TAMS 0x0000000743a00000, 0x0000000743800000| Untracked 
| 521|0x0000000743a00000, 0x0000000743c00000, 0x0000000743c00000|100%| O|  |TAMS 0x0000000743c00000, 0x0000000743a00000| Untracked 
| 522|0x0000000743c00000, 0x0000000743e00000, 0x0000000743e00000|100%| O|  |TAMS 0x0000000743e00000, 0x0000000743c00000| Untracked 
| 523|0x0000000743e00000, 0x0000000744000000, 0x0000000744000000|100%| O|  |TAMS 0x0000000744000000, 0x0000000743e00000| Untracked 
| 524|0x0000000744000000, 0x0000000744000000, 0x0000000744200000|  0%| F|  |TAMS 0x0000000744000000, 0x0000000744000000| Untracked 
| 525|0x0000000744200000, 0x0000000744400000, 0x0000000744400000|100%| O|  |TAMS 0x0000000744400000, 0x0000000744200000| Untracked 
| 526|0x0000000744400000, 0x0000000744600000, 0x0000000744600000|100%| O|  |TAMS 0x0000000744600000, 0x0000000744400000| Untracked 
| 527|0x0000000744600000, 0x0000000744800000, 0x0000000744800000|100%| O|  |TAMS 0x0000000744800000, 0x0000000744600000| Untracked 
| 528|0x0000000744800000, 0x0000000744a00000, 0x0000000744a00000|100%| O|  |TAMS 0x0000000744a00000, 0x0000000744800000| Untracked 
| 529|0x0000000744a00000, 0x0000000744c00000, 0x0000000744c00000|100%| O|  |TAMS 0x0000000744c00000, 0x0000000744a00000| Untracked 
| 530|0x0000000744c00000, 0x0000000744e00000, 0x0000000744e00000|100%| O|  |TAMS 0x0000000744e00000, 0x0000000744c00000| Untracked 
| 531|0x0000000744e00000, 0x0000000745000000, 0x0000000745000000|100%| O|  |TAMS 0x0000000745000000, 0x0000000744e00000| Untracked 
| 532|0x0000000745000000, 0x0000000745200000, 0x0000000745200000|100%| O|  |TAMS 0x0000000745200000, 0x0000000745000000| Untracked 
| 533|0x0000000745200000, 0x0000000745400000, 0x0000000745400000|100%| O|  |TAMS 0x0000000745400000, 0x0000000745200000| Untracked 
| 534|0x0000000745400000, 0x0000000745600000, 0x0000000745600000|100%| O|  |TAMS 0x0000000745600000, 0x0000000745400000| Untracked 
| 535|0x0000000745600000, 0x0000000745800000, 0x0000000745800000|100%| O|  |TAMS 0x0000000745800000, 0x0000000745600000| Untracked 
| 536|0x0000000745800000, 0x0000000745a00000, 0x0000000745a00000|100%| O|  |TAMS 0x0000000745a00000, 0x0000000745800000| Untracked 
| 537|0x0000000745a00000, 0x0000000745c00000, 0x0000000745c00000|100%| O|  |TAMS 0x0000000745c00000, 0x0000000745a00000| Untracked 
| 538|0x0000000745c00000, 0x0000000745e00000, 0x0000000745e00000|100%| O|  |TAMS 0x0000000745e00000, 0x0000000745c00000| Untracked 
| 539|0x0000000745e00000, 0x0000000746000000, 0x0000000746000000|100%| O|  |TAMS 0x0000000746000000, 0x0000000745e00000| Untracked 
| 540|0x0000000746000000, 0x0000000746200000, 0x0000000746200000|100%| O|  |TAMS 0x0000000746200000, 0x0000000746000000| Untracked 
| 541|0x0000000746200000, 0x0000000746400000, 0x0000000746400000|100%| O|  |TAMS 0x0000000746400000, 0x0000000746200000| Untracked 
| 542|0x0000000746400000, 0x0000000746600000, 0x0000000746600000|100%| O|  |TAMS 0x0000000746600000, 0x0000000746400000| Untracked 
| 543|0x0000000746600000, 0x0000000746800000, 0x0000000746800000|100%| O|  |TAMS 0x0000000746800000, 0x0000000746600000| Untracked 
| 544|0x0000000746800000, 0x0000000746a00000, 0x0000000746a00000|100%| O|  |TAMS 0x0000000746a00000, 0x0000000746800000| Untracked 
| 545|0x0000000746a00000, 0x0000000746c00000, 0x0000000746c00000|100%| O|  |TAMS 0x0000000746c00000, 0x0000000746a00000| Untracked 
| 546|0x0000000746c00000, 0x0000000746e00000, 0x0000000746e00000|100%| O|  |TAMS 0x0000000746e00000, 0x0000000746c00000| Untracked 
| 547|0x0000000746e00000, 0x0000000747000000, 0x0000000747000000|100%| O|  |TAMS 0x0000000747000000, 0x0000000746e00000| Untracked 
| 548|0x0000000747000000, 0x0000000747200000, 0x0000000747200000|100%| O|  |TAMS 0x0000000747200000, 0x0000000747000000| Untracked 
| 549|0x0000000747200000, 0x0000000747400000, 0x0000000747400000|100%| O|  |TAMS 0x0000000747400000, 0x0000000747200000| Untracked 
| 550|0x0000000747400000, 0x0000000747600000, 0x0000000747600000|100%| O|  |TAMS 0x0000000747600000, 0x0000000747400000| Untracked 
| 551|0x0000000747600000, 0x0000000747800000, 0x0000000747800000|100%| O|  |TAMS 0x0000000747800000, 0x0000000747600000| Untracked 
| 552|0x0000000747800000, 0x0000000747a00000, 0x0000000747a00000|100%| O|  |TAMS 0x0000000747a00000, 0x0000000747800000| Untracked 
| 553|0x0000000747a00000, 0x0000000747c00000, 0x0000000747c00000|100%| O|  |TAMS 0x0000000747c00000, 0x0000000747a00000| Untracked 
| 554|0x0000000747c00000, 0x0000000747e00000, 0x0000000747e00000|100%| O|  |TAMS 0x0000000747e00000, 0x0000000747c00000| Untracked 
| 555|0x0000000747e00000, 0x0000000748000000, 0x0000000748000000|100%| O|  |TAMS 0x0000000748000000, 0x0000000747e00000| Untracked 
| 556|0x0000000748000000, 0x0000000748200000, 0x0000000748200000|100%| O|  |TAMS 0x0000000748200000, 0x0000000748000000| Untracked 
| 557|0x0000000748200000, 0x0000000748400000, 0x0000000748400000|100%| O|  |TAMS 0x0000000748400000, 0x0000000748200000| Untracked 
| 558|0x0000000748400000, 0x0000000748600000, 0x0000000748600000|100%| O|  |TAMS 0x0000000748600000, 0x0000000748400000| Untracked 
| 559|0x0000000748600000, 0x0000000748800000, 0x0000000748800000|100%| O|  |TAMS 0x0000000748800000, 0x0000000748600000| Untracked 
| 560|0x0000000748800000, 0x0000000748a00000, 0x0000000748a00000|100%| O|  |TAMS 0x0000000748a00000, 0x0000000748800000| Untracked 
| 561|0x0000000748a00000, 0x0000000748c00000, 0x0000000748c00000|100%| O|  |TAMS 0x0000000748c00000, 0x0000000748a00000| Untracked 
| 562|0x0000000748c00000, 0x0000000748e00000, 0x0000000748e00000|100%| O|  |TAMS 0x0000000748e00000, 0x0000000748c00000| Untracked 
| 563|0x0000000748e00000, 0x0000000749000000, 0x0000000749000000|100%| O|  |TAMS 0x0000000749000000, 0x0000000748e00000| Untracked 
| 564|0x0000000749000000, 0x0000000749200000, 0x0000000749200000|100%| O|  |TAMS 0x0000000749200000, 0x0000000749000000| Untracked 
| 565|0x0000000749200000, 0x0000000749400000, 0x0000000749400000|100%| O|  |TAMS 0x0000000749400000, 0x0000000749200000| Untracked 
| 566|0x0000000749400000, 0x0000000749600000, 0x0000000749600000|100%| O|  |TAMS 0x0000000749600000, 0x0000000749400000| Untracked 
| 567|0x0000000749600000, 0x0000000749800000, 0x0000000749800000|100%| O|  |TAMS 0x0000000749800000, 0x0000000749600000| Untracked 
| 568|0x0000000749800000, 0x0000000749a00000, 0x0000000749a00000|100%| O|  |TAMS 0x0000000749a00000, 0x0000000749800000| Untracked 
| 569|0x0000000749a00000, 0x0000000749c00000, 0x0000000749c00000|100%| O|  |TAMS 0x0000000749c00000, 0x0000000749a00000| Untracked 
| 570|0x0000000749c00000, 0x0000000749e00000, 0x0000000749e00000|100%| O|  |TAMS 0x0000000749e00000, 0x0000000749c00000| Untracked 
| 571|0x0000000749e00000, 0x000000074a000000, 0x000000074a000000|100%| O|  |TAMS 0x000000074a000000, 0x0000000749e00000| Untracked 
| 572|0x000000074a000000, 0x000000074a200000, 0x000000074a200000|100%| O|  |TAMS 0x000000074a200000, 0x000000074a000000| Untracked 
| 573|0x000000074a200000, 0x000000074a400000, 0x000000074a400000|100%| O|  |TAMS 0x000000074a400000, 0x000000074a200000| Untracked 
| 574|0x000000074a400000, 0x000000074a600000, 0x000000074a600000|100%| O|  |TAMS 0x000000074a600000, 0x000000074a400000| Untracked 
| 575|0x000000074a600000, 0x000000074a800000, 0x000000074a800000|100%| O|  |TAMS 0x000000074a800000, 0x000000074a600000| Untracked 
| 576|0x000000074a800000, 0x000000074aa00000, 0x000000074aa00000|100%| O|  |TAMS 0x000000074aa00000, 0x000000074a800000| Untracked 
| 577|0x000000074aa00000, 0x000000074ac00000, 0x000000074ac00000|100%| O|  |TAMS 0x000000074ac00000, 0x000000074aa00000| Untracked 
| 578|0x000000074ac00000, 0x000000074ae00000, 0x000000074ae00000|100%| O|  |TAMS 0x000000074ae00000, 0x000000074ac00000| Untracked 
| 579|0x000000074ae00000, 0x000000074b000000, 0x000000074b000000|100%| O|  |TAMS 0x000000074b000000, 0x000000074ae00000| Untracked 
| 580|0x000000074b000000, 0x000000074b200000, 0x000000074b200000|100%| O|  |TAMS 0x000000074b200000, 0x000000074b000000| Untracked 
| 581|0x000000074b200000, 0x000000074b400000, 0x000000074b400000|100%| O|  |TAMS 0x000000074b400000, 0x000000074b200000| Untracked 
| 582|0x000000074b400000, 0x000000074b600000, 0x000000074b600000|100%| O|  |TAMS 0x000000074b600000, 0x000000074b400000| Untracked 
| 583|0x000000074b600000, 0x000000074b800000, 0x000000074b800000|100%| O|  |TAMS 0x000000074b800000, 0x000000074b600000| Untracked 
| 584|0x000000074b800000, 0x000000074ba00000, 0x000000074ba00000|100%| O|  |TAMS 0x000000074ba00000, 0x000000074b800000| Untracked 
| 585|0x000000074ba00000, 0x000000074bc00000, 0x000000074bc00000|100%| O|  |TAMS 0x000000074bc00000, 0x000000074ba00000| Untracked 
| 586|0x000000074bc00000, 0x000000074be00000, 0x000000074be00000|100%| O|  |TAMS 0x000000074be00000, 0x000000074bc00000| Untracked 
| 587|0x000000074be00000, 0x000000074c000000, 0x000000074c000000|100%| O|  |TAMS 0x000000074c000000, 0x000000074be00000| Untracked 
| 588|0x000000074c000000, 0x000000074c200000, 0x000000074c200000|100%| O|  |TAMS 0x000000074c200000, 0x000000074c000000| Untracked 
| 589|0x000000074c200000, 0x000000074c400000, 0x000000074c400000|100%| O|  |TAMS 0x000000074c400000, 0x000000074c200000| Untracked 
| 590|0x000000074c400000, 0x000000074c600000, 0x000000074c600000|100%| O|  |TAMS 0x000000074c600000, 0x000000074c400000| Untracked 
| 591|0x000000074c600000, 0x000000074c800000, 0x000000074c800000|100%| O|  |TAMS 0x000000074c800000, 0x000000074c600000| Untracked 
| 592|0x000000074c800000, 0x000000074ca00000, 0x000000074ca00000|100%| O|  |TAMS 0x000000074ca00000, 0x000000074c800000| Untracked 
| 593|0x000000074ca00000, 0x000000074cc00000, 0x000000074cc00000|100%| O|  |TAMS 0x000000074cc00000, 0x000000074ca00000| Untracked 
| 594|0x000000074cc00000, 0x000000074ce00000, 0x000000074ce00000|100%| O|  |TAMS 0x000000074ce00000, 0x000000074cc00000| Untracked 
| 595|0x000000074ce00000, 0x000000074d000000, 0x000000074d000000|100%| O|  |TAMS 0x000000074d000000, 0x000000074ce00000| Untracked 
| 596|0x000000074d000000, 0x000000074d200000, 0x000000074d200000|100%| O|  |TAMS 0x000000074d200000, 0x000000074d000000| Untracked 
| 597|0x000000074d200000, 0x000000074d400000, 0x000000074d400000|100%| O|  |TAMS 0x000000074d400000, 0x000000074d200000| Untracked 
| 598|0x000000074d400000, 0x000000074d600000, 0x000000074d600000|100%| O|  |TAMS 0x000000074d600000, 0x000000074d400000| Untracked 
| 599|0x000000074d600000, 0x000000074d800000, 0x000000074d800000|100%| O|  |TAMS 0x000000074d800000, 0x000000074d600000| Untracked 
| 600|0x000000074d800000, 0x000000074da00000, 0x000000074da00000|100%| O|  |TAMS 0x000000074da00000, 0x000000074d800000| Untracked 
| 601|0x000000074da00000, 0x000000074dc00000, 0x000000074dc00000|100%| O|  |TAMS 0x000000074dc00000, 0x000000074da00000| Untracked 
| 602|0x000000074dc00000, 0x000000074de00000, 0x000000074de00000|100%| O|  |TAMS 0x000000074de00000, 0x000000074dc00000| Untracked 
| 603|0x000000074de00000, 0x000000074e000000, 0x000000074e000000|100%| O|  |TAMS 0x000000074e000000, 0x000000074de00000| Untracked 
| 604|0x000000074e000000, 0x000000074e200000, 0x000000074e200000|100%| O|  |TAMS 0x000000074e200000, 0x000000074e000000| Untracked 
| 605|0x000000074e200000, 0x000000074e400000, 0x000000074e400000|100%| O|  |TAMS 0x000000074e400000, 0x000000074e200000| Untracked 
| 606|0x000000074e400000, 0x000000074e600000, 0x000000074e600000|100%| O|  |TAMS 0x000000074e600000, 0x000000074e400000| Untracked 
| 607|0x000000074e600000, 0x000000074e800000, 0x000000074e800000|100%| O|  |TAMS 0x000000074e800000, 0x000000074e600000| Untracked 
| 608|0x000000074e800000, 0x000000074ea00000, 0x000000074ea00000|100%| O|  |TAMS 0x000000074ea00000, 0x000000074e800000| Untracked 
| 609|0x000000074ea00000, 0x000000074ec00000, 0x000000074ec00000|100%| O|  |TAMS 0x000000074ec00000, 0x000000074ea00000| Untracked 
| 610|0x000000074ec00000, 0x000000074ee00000, 0x000000074ee00000|100%| O|  |TAMS 0x000000074ee00000, 0x000000074ec00000| Untracked 
| 611|0x000000074ee00000, 0x000000074f000000, 0x000000074f000000|100%| O|  |TAMS 0x000000074f000000, 0x000000074ee00000| Untracked 
| 612|0x000000074f000000, 0x000000074f200000, 0x000000074f200000|100%| O|  |TAMS 0x000000074f200000, 0x000000074f000000| Untracked 
| 613|0x000000074f200000, 0x000000074f400000, 0x000000074f400000|100%| O|  |TAMS 0x000000074f400000, 0x000000074f200000| Untracked 
| 614|0x000000074f400000, 0x000000074f600000, 0x000000074f600000|100%| O|  |TAMS 0x000000074f600000, 0x000000074f400000| Untracked 
| 615|0x000000074f600000, 0x000000074f800000, 0x000000074f800000|100%| O|  |TAMS 0x000000074f800000, 0x000000074f600000| Untracked 
| 616|0x000000074f800000, 0x000000074fa00000, 0x000000074fa00000|100%| O|  |TAMS 0x000000074fa00000, 0x000000074f800000| Untracked 
| 617|0x000000074fa00000, 0x000000074fc00000, 0x000000074fc00000|100%| O|  |TAMS 0x000000074fc00000, 0x000000074fa00000| Untracked 
| 618|0x000000074fc00000, 0x000000074fe00000, 0x000000074fe00000|100%| O|  |TAMS 0x000000074fe00000, 0x000000074fc00000| Untracked 
| 619|0x000000074fe00000, 0x0000000750000000, 0x0000000750000000|100%| O|  |TAMS 0x0000000750000000, 0x000000074fe00000| Untracked 
| 620|0x0000000750000000, 0x0000000750200000, 0x0000000750200000|100%| O|  |TAMS 0x0000000750200000, 0x0000000750000000| Untracked 
| 621|0x0000000750200000, 0x0000000750400000, 0x0000000750400000|100%| O|  |TAMS 0x0000000750400000, 0x0000000750200000| Untracked 
| 622|0x0000000750400000, 0x0000000750600000, 0x0000000750600000|100%| O|  |TAMS 0x0000000750600000, 0x0000000750400000| Untracked 
| 623|0x0000000750600000, 0x0000000750800000, 0x0000000750800000|100%| O|  |TAMS 0x0000000750800000, 0x0000000750600000| Untracked 
| 624|0x0000000750800000, 0x0000000750a00000, 0x0000000750a00000|100%| O|  |TAMS 0x0000000750a00000, 0x0000000750800000| Untracked 
| 625|0x0000000750a00000, 0x0000000750c00000, 0x0000000750c00000|100%| O|  |TAMS 0x0000000750c00000, 0x0000000750a00000| Untracked 
| 626|0x0000000750c00000, 0x0000000750e00000, 0x0000000750e00000|100%| O|  |TAMS 0x0000000750e00000, 0x0000000750c00000| Untracked 
| 627|0x0000000750e00000, 0x0000000751000000, 0x0000000751000000|100%| O|  |TAMS 0x0000000751000000, 0x0000000750e00000| Untracked 
| 628|0x0000000751000000, 0x0000000751200000, 0x0000000751200000|100%| O|  |TAMS 0x0000000751200000, 0x0000000751000000| Untracked 
| 629|0x0000000751200000, 0x0000000751400000, 0x0000000751400000|100%| O|  |TAMS 0x0000000751400000, 0x0000000751200000| Untracked 
| 630|0x0000000751400000, 0x0000000751600000, 0x0000000751600000|100%| O|  |TAMS 0x0000000751600000, 0x0000000751400000| Untracked 
| 631|0x0000000751600000, 0x0000000751800000, 0x0000000751800000|100%| O|  |TAMS 0x0000000751800000, 0x0000000751600000| Untracked 
| 632|0x0000000751800000, 0x0000000751a00000, 0x0000000751a00000|100%| O|  |TAMS 0x0000000751a00000, 0x0000000751800000| Untracked 
| 633|0x0000000751a00000, 0x0000000751c00000, 0x0000000751c00000|100%| O|  |TAMS 0x0000000751c00000, 0x0000000751a00000| Untracked 
| 634|0x0000000751c00000, 0x0000000751e00000, 0x0000000751e00000|100%| O|  |TAMS 0x0000000751e00000, 0x0000000751c00000| Untracked 
| 635|0x0000000751e00000, 0x0000000752000000, 0x0000000752000000|100%| O|  |TAMS 0x0000000752000000, 0x0000000751e00000| Untracked 
| 636|0x0000000752000000, 0x0000000752200000, 0x0000000752200000|100%| O|  |TAMS 0x0000000752200000, 0x0000000752000000| Untracked 
| 637|0x0000000752200000, 0x0000000752400000, 0x0000000752400000|100%| O|  |TAMS 0x0000000752400000, 0x0000000752200000| Untracked 
| 638|0x0000000752400000, 0x0000000752600000, 0x0000000752600000|100%| O|  |TAMS 0x0000000752600000, 0x0000000752400000| Untracked 
| 639|0x0000000752600000, 0x0000000752800000, 0x0000000752800000|100%| O|  |TAMS 0x0000000752800000, 0x0000000752600000| Untracked 
| 640|0x0000000752800000, 0x0000000752a00000, 0x0000000752a00000|100%| O|  |TAMS 0x0000000752a00000, 0x0000000752800000| Untracked 
| 641|0x0000000752a00000, 0x0000000752c00000, 0x0000000752c00000|100%| O|  |TAMS 0x0000000752c00000, 0x0000000752a00000| Untracked 
| 642|0x0000000752c00000, 0x0000000752e00000, 0x0000000752e00000|100%| O|  |TAMS 0x0000000752e00000, 0x0000000752c00000| Untracked 
| 643|0x0000000752e00000, 0x0000000753000000, 0x0000000753000000|100%| O|  |TAMS 0x0000000753000000, 0x0000000752e00000| Untracked 
| 644|0x0000000753000000, 0x0000000753200000, 0x0000000753200000|100%| O|  |TAMS 0x0000000753200000, 0x0000000753000000| Untracked 
| 645|0x0000000753200000, 0x0000000753400000, 0x0000000753400000|100%| O|  |TAMS 0x0000000753400000, 0x0000000753200000| Untracked 
| 646|0x0000000753400000, 0x0000000753600000, 0x0000000753600000|100%| O|  |TAMS 0x0000000753600000, 0x0000000753400000| Untracked 
| 647|0x0000000753600000, 0x0000000753800000, 0x0000000753800000|100%| O|  |TAMS 0x0000000753800000, 0x0000000753600000| Untracked 
| 648|0x0000000753800000, 0x0000000753a00000, 0x0000000753a00000|100%| O|  |TAMS 0x0000000753a00000, 0x0000000753800000| Untracked 
| 649|0x0000000753a00000, 0x0000000753c00000, 0x0000000753c00000|100%| O|  |TAMS 0x0000000753c00000, 0x0000000753a00000| Untracked 
| 650|0x0000000753c00000, 0x0000000753e00000, 0x0000000753e00000|100%| O|  |TAMS 0x0000000753e00000, 0x0000000753c00000| Untracked 
| 651|0x0000000753e00000, 0x0000000754000000, 0x0000000754000000|100%| O|  |TAMS 0x0000000754000000, 0x0000000753e00000| Untracked 
| 652|0x0000000754000000, 0x0000000754200000, 0x0000000754200000|100%| O|  |TAMS 0x0000000754200000, 0x0000000754000000| Untracked 
| 653|0x0000000754200000, 0x0000000754400000, 0x0000000754400000|100%| O|  |TAMS 0x0000000754400000, 0x0000000754200000| Untracked 
| 654|0x0000000754400000, 0x0000000754600000, 0x0000000754600000|100%| O|  |TAMS 0x0000000754600000, 0x0000000754400000| Untracked 
| 655|0x0000000754600000, 0x0000000754800000, 0x0000000754800000|100%| O|  |TAMS 0x0000000754800000, 0x0000000754600000| Untracked 
| 656|0x0000000754800000, 0x0000000754a00000, 0x0000000754a00000|100%| O|  |TAMS 0x0000000754a00000, 0x0000000754800000| Untracked 
| 657|0x0000000754a00000, 0x0000000754c00000, 0x0000000754c00000|100%| O|  |TAMS 0x0000000754c00000, 0x0000000754a00000| Untracked 
| 658|0x0000000754c00000, 0x0000000754e00000, 0x0000000754e00000|100%| O|  |TAMS 0x0000000754e00000, 0x0000000754c00000| Untracked 
| 659|0x0000000754e00000, 0x0000000755000000, 0x0000000755000000|100%| O|  |TAMS 0x0000000755000000, 0x0000000754e00000| Untracked 
| 660|0x0000000755000000, 0x0000000755200000, 0x0000000755200000|100%| O|  |TAMS 0x0000000755200000, 0x0000000755000000| Untracked 
| 661|0x0000000755200000, 0x0000000755400000, 0x0000000755400000|100%| O|  |TAMS 0x0000000755400000, 0x0000000755200000| Untracked 
| 662|0x0000000755400000, 0x0000000755600000, 0x0000000755600000|100%| O|  |TAMS 0x0000000755600000, 0x0000000755400000| Untracked 
| 663|0x0000000755600000, 0x0000000755800000, 0x0000000755800000|100%| O|  |TAMS 0x0000000755800000, 0x0000000755600000| Untracked 
| 664|0x0000000755800000, 0x0000000755a00000, 0x0000000755a00000|100%| O|  |TAMS 0x0000000755a00000, 0x0000000755800000| Untracked 
| 665|0x0000000755a00000, 0x0000000755c00000, 0x0000000755c00000|100%| O|  |TAMS 0x0000000755c00000, 0x0000000755a00000| Untracked 
| 666|0x0000000755c00000, 0x0000000755e00000, 0x0000000755e00000|100%| O|  |TAMS 0x0000000755e00000, 0x0000000755c00000| Untracked 
| 667|0x0000000755e00000, 0x0000000756000000, 0x0000000756000000|100%| O|  |TAMS 0x0000000756000000, 0x0000000755e00000| Untracked 
| 668|0x0000000756000000, 0x0000000756200000, 0x0000000756200000|100%| O|  |TAMS 0x0000000756200000, 0x0000000756000000| Untracked 
| 669|0x0000000756200000, 0x0000000756400000, 0x0000000756400000|100%| O|  |TAMS 0x0000000756400000, 0x0000000756200000| Untracked 
| 670|0x0000000756400000, 0x0000000756600000, 0x0000000756600000|100%| O|  |TAMS 0x0000000756600000, 0x0000000756400000| Untracked 
| 671|0x0000000756600000, 0x0000000756800000, 0x0000000756800000|100%| O|  |TAMS 0x0000000756800000, 0x0000000756600000| Untracked 
| 672|0x0000000756800000, 0x0000000756a00000, 0x0000000756a00000|100%| O|  |TAMS 0x0000000756a00000, 0x0000000756800000| Untracked 
| 673|0x0000000756a00000, 0x0000000756c00000, 0x0000000756c00000|100%| O|  |TAMS 0x0000000756c00000, 0x0000000756a00000| Untracked 
| 674|0x0000000756c00000, 0x0000000756e00000, 0x0000000756e00000|100%| O|  |TAMS 0x0000000756e00000, 0x0000000756c00000| Untracked 
| 675|0x0000000756e00000, 0x0000000757000000, 0x0000000757000000|100%| O|  |TAMS 0x0000000757000000, 0x0000000756e00000| Untracked 
| 676|0x0000000757000000, 0x0000000757200000, 0x0000000757200000|100%| O|  |TAMS 0x0000000757200000, 0x0000000757000000| Untracked 
| 677|0x0000000757200000, 0x0000000757400000, 0x0000000757400000|100%| O|  |TAMS 0x0000000757400000, 0x0000000757200000| Untracked 
| 678|0x0000000757400000, 0x0000000757600000, 0x0000000757600000|100%| O|  |TAMS 0x0000000757600000, 0x0000000757400000| Untracked 
| 679|0x0000000757600000, 0x0000000757800000, 0x0000000757800000|100%| O|  |TAMS 0x0000000757800000, 0x0000000757600000| Untracked 
| 680|0x0000000757800000, 0x0000000757a00000, 0x0000000757a00000|100%| O|  |TAMS 0x0000000757a00000, 0x0000000757800000| Untracked 
| 681|0x0000000757a00000, 0x0000000757c00000, 0x0000000757c00000|100%| O|  |TAMS 0x0000000757c00000, 0x0000000757a00000| Untracked 
| 682|0x0000000757c00000, 0x0000000757e00000, 0x0000000757e00000|100%| O|  |TAMS 0x0000000757e00000, 0x0000000757c00000| Untracked 
| 683|0x0000000757e00000, 0x0000000758000000, 0x0000000758000000|100%| O|  |TAMS 0x0000000758000000, 0x0000000757e00000| Untracked 
| 684|0x0000000758000000, 0x0000000758200000, 0x0000000758200000|100%| O|  |TAMS 0x0000000758200000, 0x0000000758000000| Untracked 
| 685|0x0000000758200000, 0x0000000758400000, 0x0000000758400000|100%| O|  |TAMS 0x0000000758400000, 0x0000000758200000| Untracked 
| 686|0x0000000758400000, 0x0000000758600000, 0x0000000758600000|100%| O|  |TAMS 0x0000000758600000, 0x0000000758400000| Untracked 
| 687|0x0000000758600000, 0x0000000758800000, 0x0000000758800000|100%| O|  |TAMS 0x0000000758800000, 0x0000000758600000| Untracked 
| 688|0x0000000758800000, 0x0000000758a00000, 0x0000000758a00000|100%| O|  |TAMS 0x0000000758a00000, 0x0000000758800000| Untracked 
| 689|0x0000000758a00000, 0x0000000758c00000, 0x0000000758c00000|100%| O|  |TAMS 0x0000000758c00000, 0x0000000758a00000| Untracked 
| 690|0x0000000758c00000, 0x0000000758e00000, 0x0000000758e00000|100%| O|  |TAMS 0x0000000758e00000, 0x0000000758c00000| Untracked 
| 691|0x0000000758e00000, 0x0000000759000000, 0x0000000759000000|100%| O|  |TAMS 0x0000000759000000, 0x0000000758e00000| Untracked 
| 692|0x0000000759000000, 0x0000000759200000, 0x0000000759200000|100%| O|  |TAMS 0x0000000759200000, 0x0000000759000000| Untracked 
| 693|0x0000000759200000, 0x0000000759400000, 0x0000000759400000|100%| O|  |TAMS 0x0000000759400000, 0x0000000759200000| Untracked 
| 694|0x0000000759400000, 0x0000000759600000, 0x0000000759600000|100%| O|  |TAMS 0x0000000759600000, 0x0000000759400000| Untracked 
| 695|0x0000000759600000, 0x0000000759800000, 0x0000000759800000|100%| O|  |TAMS 0x0000000759800000, 0x0000000759600000| Untracked 
| 696|0x0000000759800000, 0x0000000759a00000, 0x0000000759a00000|100%| O|  |TAMS 0x0000000759a00000, 0x0000000759800000| Untracked 
| 697|0x0000000759a00000, 0x0000000759c00000, 0x0000000759c00000|100%| O|  |TAMS 0x0000000759c00000, 0x0000000759a00000| Untracked 
| 698|0x0000000759c00000, 0x0000000759e00000, 0x0000000759e00000|100%| O|  |TAMS 0x0000000759e00000, 0x0000000759c00000| Untracked 
| 699|0x0000000759e00000, 0x000000075a000000, 0x000000075a000000|100%| O|  |TAMS 0x000000075a000000, 0x0000000759e00000| Untracked 
| 700|0x000000075a000000, 0x000000075a200000, 0x000000075a200000|100%| O|  |TAMS 0x000000075a200000, 0x000000075a000000| Untracked 
| 701|0x000000075a200000, 0x000000075a400000, 0x000000075a400000|100%| O|  |TAMS 0x000000075a400000, 0x000000075a200000| Untracked 
| 702|0x000000075a400000, 0x000000075a600000, 0x000000075a600000|100%| O|  |TAMS 0x000000075a600000, 0x000000075a400000| Untracked 
| 703|0x000000075a600000, 0x000000075a800000, 0x000000075a800000|100%| O|  |TAMS 0x000000075a800000, 0x000000075a600000| Untracked 
| 704|0x000000075a800000, 0x000000075aa00000, 0x000000075aa00000|100%| O|  |TAMS 0x000000075aa00000, 0x000000075a800000| Untracked 
| 705|0x000000075aa00000, 0x000000075ac00000, 0x000000075ac00000|100%| O|  |TAMS 0x000000075ac00000, 0x000000075aa00000| Untracked 
| 706|0x000000075ac00000, 0x000000075ae00000, 0x000000075ae00000|100%| O|  |TAMS 0x000000075ae00000, 0x000000075ac00000| Untracked 
| 707|0x000000075ae00000, 0x000000075b000000, 0x000000075b000000|100%| O|  |TAMS 0x000000075b000000, 0x000000075ae00000| Untracked 
| 708|0x000000075b000000, 0x000000075b200000, 0x000000075b200000|100%| O|  |TAMS 0x000000075b200000, 0x000000075b000000| Untracked 
| 709|0x000000075b200000, 0x000000075b400000, 0x000000075b400000|100%| O|  |TAMS 0x000000075b400000, 0x000000075b200000| Untracked 
| 710|0x000000075b400000, 0x000000075b600000, 0x000000075b600000|100%| O|  |TAMS 0x000000075b600000, 0x000000075b400000| Untracked 
| 711|0x000000075b600000, 0x000000075b800000, 0x000000075b800000|100%| O|  |TAMS 0x000000075b800000, 0x000000075b600000| Untracked 
| 712|0x000000075b800000, 0x000000075ba00000, 0x000000075ba00000|100%| O|  |TAMS 0x000000075ba00000, 0x000000075b800000| Untracked 
| 713|0x000000075ba00000, 0x000000075bc00000, 0x000000075bc00000|100%| O|  |TAMS 0x000000075bc00000, 0x000000075ba00000| Untracked 
| 714|0x000000075bc00000, 0x000000075be00000, 0x000000075be00000|100%| O|  |TAMS 0x000000075be00000, 0x000000075bc00000| Untracked 
| 715|0x000000075be00000, 0x000000075c000000, 0x000000075c000000|100%| O|  |TAMS 0x000000075c000000, 0x000000075be00000| Untracked 
| 716|0x000000075c000000, 0x000000075c200000, 0x000000075c200000|100%| O|  |TAMS 0x000000075c200000, 0x000000075c000000| Untracked 
| 717|0x000000075c200000, 0x000000075c400000, 0x000000075c400000|100%| O|  |TAMS 0x000000075c400000, 0x000000075c200000| Untracked 
| 718|0x000000075c400000, 0x000000075c600000, 0x000000075c600000|100%| O|  |TAMS 0x000000075c600000, 0x000000075c400000| Untracked 
| 719|0x000000075c600000, 0x000000075c800000, 0x000000075c800000|100%| O|  |TAMS 0x000000075c800000, 0x000000075c600000| Untracked 
| 720|0x000000075c800000, 0x000000075ca00000, 0x000000075ca00000|100%| O|  |TAMS 0x000000075ca00000, 0x000000075c800000| Untracked 
| 721|0x000000075ca00000, 0x000000075cc00000, 0x000000075cc00000|100%| O|  |TAMS 0x000000075cc00000, 0x000000075ca00000| Untracked 
| 722|0x000000075cc00000, 0x000000075ce00000, 0x000000075ce00000|100%| O|  |TAMS 0x000000075ce00000, 0x000000075cc00000| Untracked 
| 723|0x000000075ce00000, 0x000000075d000000, 0x000000075d000000|100%| O|  |TAMS 0x000000075d000000, 0x000000075ce00000| Untracked 
| 724|0x000000075d000000, 0x000000075d200000, 0x000000075d200000|100%| O|  |TAMS 0x000000075d200000, 0x000000075d000000| Untracked 
| 725|0x000000075d200000, 0x000000075d400000, 0x000000075d400000|100%| O|  |TAMS 0x000000075d400000, 0x000000075d200000| Untracked 
| 726|0x000000075d400000, 0x000000075d600000, 0x000000075d600000|100%| O|  |TAMS 0x000000075d600000, 0x000000075d400000| Untracked 
| 727|0x000000075d600000, 0x000000075d800000, 0x000000075d800000|100%| O|  |TAMS 0x000000075d800000, 0x000000075d600000| Untracked 
| 728|0x000000075d800000, 0x000000075da00000, 0x000000075da00000|100%| O|  |TAMS 0x000000075da00000, 0x000000075d800000| Untracked 
| 729|0x000000075da00000, 0x000000075dc00000, 0x000000075dc00000|100%| O|  |TAMS 0x000000075dc00000, 0x000000075da00000| Untracked 
| 730|0x000000075dc00000, 0x000000075de00000, 0x000000075de00000|100%| O|  |TAMS 0x000000075de00000, 0x000000075dc00000| Untracked 
| 731|0x000000075de00000, 0x000000075e000000, 0x000000075e000000|100%| O|  |TAMS 0x000000075e000000, 0x000000075de00000| Untracked 
| 732|0x000000075e000000, 0x000000075e200000, 0x000000075e200000|100%| O|  |TAMS 0x000000075e200000, 0x000000075e000000| Untracked 
| 733|0x000000075e200000, 0x000000075e400000, 0x000000075e400000|100%| O|  |TAMS 0x000000075e400000, 0x000000075e200000| Untracked 
| 734|0x000000075e400000, 0x000000075e600000, 0x000000075e600000|100%| O|  |TAMS 0x000000075e600000, 0x000000075e400000| Untracked 
| 735|0x000000075e600000, 0x000000075e800000, 0x000000075e800000|100%| O|  |TAMS 0x000000075e800000, 0x000000075e600000| Untracked 
| 736|0x000000075e800000, 0x000000075ea00000, 0x000000075ea00000|100%| O|  |TAMS 0x000000075ea00000, 0x000000075e800000| Untracked 
| 737|0x000000075ea00000, 0x000000075ec00000, 0x000000075ec00000|100%| O|  |TAMS 0x000000075ec00000, 0x000000075ea00000| Untracked 
| 738|0x000000075ec00000, 0x000000075ee00000, 0x000000075ee00000|100%| O|  |TAMS 0x000000075ee00000, 0x000000075ec00000| Untracked 
| 739|0x000000075ee00000, 0x000000075f000000, 0x000000075f000000|100%| O|  |TAMS 0x000000075f000000, 0x000000075ee00000| Untracked 
| 740|0x000000075f000000, 0x000000075f200000, 0x000000075f200000|100%| O|  |TAMS 0x000000075f200000, 0x000000075f000000| Untracked 
| 741|0x000000075f200000, 0x000000075f400000, 0x000000075f400000|100%| O|  |TAMS 0x000000075f400000, 0x000000075f200000| Untracked 
| 742|0x000000075f400000, 0x000000075f600000, 0x000000075f600000|100%| O|  |TAMS 0x000000075f600000, 0x000000075f400000| Untracked 
| 743|0x000000075f600000, 0x000000075f800000, 0x000000075f800000|100%| O|  |TAMS 0x000000075f800000, 0x000000075f600000| Untracked 
| 744|0x000000075f800000, 0x000000075fa00000, 0x000000075fa00000|100%| O|  |TAMS 0x000000075fa00000, 0x000000075f800000| Untracked 
| 745|0x000000075fa00000, 0x000000075fc00000, 0x000000075fc00000|100%| O|  |TAMS 0x000000075fc00000, 0x000000075fa00000| Untracked 
| 746|0x000000075fc00000, 0x000000075fe00000, 0x000000075fe00000|100%| O|  |TAMS 0x000000075fe00000, 0x000000075fc00000| Untracked 
| 747|0x000000075fe00000, 0x0000000760000000, 0x0000000760000000|100%| O|  |TAMS 0x0000000760000000, 0x000000075fe00000| Untracked 
| 748|0x0000000760000000, 0x0000000760200000, 0x0000000760200000|100%| O|  |TAMS 0x0000000760200000, 0x0000000760000000| Untracked 
| 749|0x0000000760200000, 0x0000000760400000, 0x0000000760400000|100%| O|  |TAMS 0x0000000760400000, 0x0000000760200000| Untracked 
| 750|0x0000000760400000, 0x0000000760600000, 0x0000000760600000|100%| O|  |TAMS 0x0000000760600000, 0x0000000760400000| Untracked 
| 751|0x0000000760600000, 0x0000000760800000, 0x0000000760800000|100%| O|  |TAMS 0x0000000760800000, 0x0000000760600000| Untracked 
| 752|0x0000000760800000, 0x0000000760a00000, 0x0000000760a00000|100%| O|  |TAMS 0x0000000760a00000, 0x0000000760800000| Untracked 
| 753|0x0000000760a00000, 0x0000000760c00000, 0x0000000760c00000|100%| O|  |TAMS 0x0000000760c00000, 0x0000000760a00000| Untracked 
| 754|0x0000000760c00000, 0x0000000760e00000, 0x0000000760e00000|100%| O|  |TAMS 0x0000000760e00000, 0x0000000760c00000| Untracked 
| 755|0x0000000760e00000, 0x0000000761000000, 0x0000000761000000|100%| O|  |TAMS 0x0000000761000000, 0x0000000760e00000| Untracked 
| 756|0x0000000761000000, 0x0000000761200000, 0x0000000761200000|100%| O|  |TAMS 0x0000000761200000, 0x0000000761000000| Untracked 
| 757|0x0000000761200000, 0x0000000761400000, 0x0000000761400000|100%| O|  |TAMS 0x0000000761400000, 0x0000000761200000| Untracked 
| 758|0x0000000761400000, 0x0000000761600000, 0x0000000761600000|100%| O|  |TAMS 0x0000000761600000, 0x0000000761400000| Untracked 
| 759|0x0000000761600000, 0x0000000761800000, 0x0000000761800000|100%| O|  |TAMS 0x0000000761800000, 0x0000000761600000| Untracked 
| 760|0x0000000761800000, 0x0000000761a00000, 0x0000000761a00000|100%| O|  |TAMS 0x0000000761a00000, 0x0000000761800000| Untracked 
| 761|0x0000000761a00000, 0x0000000761c00000, 0x0000000761c00000|100%| O|  |TAMS 0x0000000761c00000, 0x0000000761a00000| Untracked 
| 762|0x0000000761c00000, 0x0000000761e00000, 0x0000000761e00000|100%| O|  |TAMS 0x0000000761e00000, 0x0000000761c00000| Untracked 
| 763|0x0000000761e00000, 0x0000000762000000, 0x0000000762000000|100%| O|  |TAMS 0x0000000762000000, 0x0000000761e00000| Untracked 
| 764|0x0000000762000000, 0x0000000762200000, 0x0000000762200000|100%| O|  |TAMS 0x0000000762200000, 0x0000000762000000| Untracked 
| 765|0x0000000762200000, 0x0000000762400000, 0x0000000762400000|100%| O|  |TAMS 0x0000000762400000, 0x0000000762200000| Untracked 
| 766|0x0000000762400000, 0x0000000762600000, 0x0000000762600000|100%| O|  |TAMS 0x0000000762600000, 0x0000000762400000| Untracked 
| 767|0x0000000762600000, 0x0000000762800000, 0x0000000762800000|100%| O|  |TAMS 0x0000000762800000, 0x0000000762600000| Untracked 
| 768|0x0000000762800000, 0x0000000762a00000, 0x0000000762a00000|100%| O|  |TAMS 0x0000000762a00000, 0x0000000762800000| Untracked 
| 769|0x0000000762a00000, 0x0000000762c00000, 0x0000000762c00000|100%| O|  |TAMS 0x0000000762c00000, 0x0000000762a00000| Untracked 
| 770|0x0000000762c00000, 0x0000000762e00000, 0x0000000762e00000|100%| O|  |TAMS 0x0000000762e00000, 0x0000000762c00000| Untracked 
| 771|0x0000000762e00000, 0x0000000763000000, 0x0000000763000000|100%| O|  |TAMS 0x0000000763000000, 0x0000000762e00000| Untracked 
| 772|0x0000000763000000, 0x0000000763200000, 0x0000000763200000|100%| O|  |TAMS 0x0000000763200000, 0x0000000763000000| Untracked 
| 773|0x0000000763200000, 0x0000000763400000, 0x0000000763400000|100%| O|  |TAMS 0x0000000763400000, 0x0000000763200000| Untracked 
| 774|0x0000000763400000, 0x0000000763600000, 0x0000000763600000|100%| O|  |TAMS 0x0000000763600000, 0x0000000763400000| Untracked 
| 775|0x0000000763600000, 0x0000000763800000, 0x0000000763800000|100%| O|  |TAMS 0x0000000763800000, 0x0000000763600000| Untracked 
| 776|0x0000000763800000, 0x0000000763a00000, 0x0000000763a00000|100%| O|  |TAMS 0x0000000763a00000, 0x0000000763800000| Untracked 
| 777|0x0000000763a00000, 0x0000000763c00000, 0x0000000763c00000|100%| O|  |TAMS 0x0000000763c00000, 0x0000000763a00000| Untracked 
| 778|0x0000000763c00000, 0x0000000763e00000, 0x0000000763e00000|100%| O|  |TAMS 0x0000000763e00000, 0x0000000763c00000| Untracked 
| 779|0x0000000763e00000, 0x0000000764000000, 0x0000000764000000|100%| O|  |TAMS 0x0000000763e00000, 0x0000000763e00000| Untracked 
| 780|0x0000000764000000, 0x0000000764200000, 0x0000000764200000|100%| O|  |TAMS 0x0000000764000000, 0x0000000764000000| Untracked 
| 781|0x0000000764200000, 0x0000000764400000, 0x0000000764400000|100%| O|  |TAMS 0x0000000764200000, 0x0000000764200000| Untracked 
| 782|0x0000000764400000, 0x0000000764600000, 0x0000000764600000|100%| O|  |TAMS 0x0000000764400000, 0x0000000764400000| Untracked 
| 783|0x0000000764600000, 0x0000000764800000, 0x0000000764800000|100%| O|  |TAMS 0x0000000764600000, 0x0000000764600000| Untracked 
| 784|0x0000000764800000, 0x0000000764a00000, 0x0000000764a00000|100%| O|  |TAMS 0x0000000764800000, 0x0000000764800000| Untracked 
| 785|0x0000000764a00000, 0x0000000764c00000, 0x0000000764c00000|100%| O|  |TAMS 0x0000000764a00000, 0x0000000764a00000| Untracked 
| 786|0x0000000764c00000, 0x0000000764e00000, 0x0000000764e00000|100%| O|  |TAMS 0x0000000764c00000, 0x0000000764c00000| Untracked 
| 787|0x0000000764e00000, 0x0000000765000000, 0x0000000765000000|100%| O|  |TAMS 0x0000000764e00000, 0x0000000764e00000| Untracked 
| 788|0x0000000765000000, 0x0000000765200000, 0x0000000765200000|100%| O|  |TAMS 0x0000000765000000, 0x0000000765000000| Untracked 
| 789|0x0000000765200000, 0x0000000765400000, 0x0000000765400000|100%| O|  |TAMS 0x0000000765200000, 0x0000000765200000| Untracked 
| 790|0x0000000765400000, 0x0000000765600000, 0x0000000765600000|100%| O|  |TAMS 0x0000000765400000, 0x0000000765400000| Untracked 
| 791|0x0000000765600000, 0x0000000765800000, 0x0000000765800000|100%| O|  |TAMS 0x0000000765600000, 0x0000000765600000| Untracked 
| 792|0x0000000765800000, 0x0000000765a00000, 0x0000000765a00000|100%| O|  |TAMS 0x0000000765800000, 0x0000000765800000| Untracked 
| 793|0x0000000765a00000, 0x0000000765c00000, 0x0000000765c00000|100%| O|  |TAMS 0x0000000765a00000, 0x0000000765a00000| Untracked 
| 794|0x0000000765c00000, 0x0000000765e00000, 0x0000000765e00000|100%| O|  |TAMS 0x0000000765c00000, 0x0000000765c00000| Untracked 
| 795|0x0000000765e00000, 0x0000000766000000, 0x0000000766000000|100%| O|  |TAMS 0x0000000765e00000, 0x0000000765e00000| Untracked 
| 796|0x0000000766000000, 0x0000000766200000, 0x0000000766200000|100%| O|  |TAMS 0x0000000766000000, 0x0000000766000000| Untracked 
| 797|0x0000000766200000, 0x0000000766400000, 0x0000000766400000|100%| O|  |TAMS 0x0000000766200000, 0x0000000766200000| Untracked 
| 798|0x0000000766400000, 0x0000000766600000, 0x0000000766600000|100%| O|  |TAMS 0x0000000766400000, 0x0000000766400000| Untracked 
| 799|0x0000000766600000, 0x0000000766800000, 0x0000000766800000|100%| O|  |TAMS 0x0000000766600000, 0x0000000766600000| Untracked 
| 800|0x0000000766800000, 0x0000000766a00000, 0x0000000766a00000|100%| O|  |TAMS 0x0000000766800000, 0x0000000766800000| Untracked 
| 801|0x0000000766a00000, 0x0000000766c00000, 0x0000000766c00000|100%| O|  |TAMS 0x0000000766a00000, 0x0000000766a00000| Untracked 
| 802|0x0000000766c00000, 0x0000000766e00000, 0x0000000766e00000|100%| O|  |TAMS 0x0000000766c00000, 0x0000000766c00000| Untracked 
| 803|0x0000000766e00000, 0x0000000767000000, 0x0000000767000000|100%| O|  |TAMS 0x0000000766e00000, 0x0000000766e00000| Untracked 
| 804|0x0000000767000000, 0x0000000767200000, 0x0000000767200000|100%| O|  |TAMS 0x0000000767000000, 0x0000000767000000| Untracked 
| 805|0x0000000767200000, 0x0000000767400000, 0x0000000767400000|100%| O|  |TAMS 0x0000000767200000, 0x0000000767200000| Untracked 
| 806|0x0000000767400000, 0x0000000767600000, 0x0000000767600000|100%| O|  |TAMS 0x0000000767400000, 0x0000000767400000| Untracked 
| 807|0x0000000767600000, 0x0000000767800000, 0x0000000767800000|100%| O|  |TAMS 0x0000000767600000, 0x0000000767600000| Untracked 
| 808|0x0000000767800000, 0x0000000767a00000, 0x0000000767a00000|100%| O|  |TAMS 0x0000000767800000, 0x0000000767800000| Untracked 
| 809|0x0000000767a00000, 0x0000000767c00000, 0x0000000767c00000|100%| O|  |TAMS 0x0000000767a00000, 0x0000000767a00000| Untracked 
| 810|0x0000000767c00000, 0x0000000767e00000, 0x0000000767e00000|100%| O|  |TAMS 0x0000000767c00000, 0x0000000767c00000| Untracked 
| 811|0x0000000767e00000, 0x0000000768000000, 0x0000000768000000|100%| O|  |TAMS 0x0000000767e00000, 0x0000000767e00000| Untracked 
| 812|0x0000000768000000, 0x0000000768200000, 0x0000000768200000|100%| O|  |TAMS 0x0000000768000000, 0x0000000768000000| Untracked 
| 813|0x0000000768200000, 0x0000000768400000, 0x0000000768400000|100%| O|  |TAMS 0x0000000768200000, 0x0000000768200000| Untracked 
| 814|0x0000000768400000, 0x0000000768600000, 0x0000000768600000|100%| O|  |TAMS 0x0000000768400000, 0x0000000768400000| Untracked 
| 815|0x0000000768600000, 0x0000000768800000, 0x0000000768800000|100%| O|  |TAMS 0x0000000768600000, 0x0000000768600000| Untracked 
| 816|0x0000000768800000, 0x0000000768a00000, 0x0000000768a00000|100%| O|  |TAMS 0x0000000768800000, 0x0000000768800000| Untracked 
| 817|0x0000000768a00000, 0x0000000768c00000, 0x0000000768c00000|100%| O|  |TAMS 0x0000000768a00000, 0x0000000768a00000| Untracked 
| 818|0x0000000768c00000, 0x0000000768e00000, 0x0000000768e00000|100%| O|  |TAMS 0x0000000768c00000, 0x0000000768c00000| Untracked 
| 819|0x0000000768e00000, 0x0000000769000000, 0x0000000769000000|100%| O|  |TAMS 0x0000000769000000, 0x0000000768e00000| Untracked 
| 820|0x0000000769000000, 0x0000000769200000, 0x0000000769200000|100%| O|  |TAMS 0x0000000769200000, 0x0000000769000000| Untracked 
| 821|0x0000000769200000, 0x0000000769400000, 0x0000000769400000|100%| O|  |TAMS 0x0000000769400000, 0x0000000769200000| Untracked 
| 822|0x0000000769400000, 0x0000000769600000, 0x0000000769600000|100%| O|  |TAMS 0x0000000769600000, 0x0000000769400000| Untracked 
| 823|0x0000000769600000, 0x0000000769800000, 0x0000000769800000|100%| O|  |TAMS 0x0000000769700000, 0x0000000769600000| Untracked 
| 824|0x0000000769800000, 0x0000000769a00000, 0x0000000769a00000|100%| O|  |TAMS 0x0000000769800000, 0x0000000769800000| Untracked 
| 825|0x0000000769a00000, 0x0000000769c00000, 0x0000000769c00000|100%| O|  |TAMS 0x0000000769a00000, 0x0000000769a00000| Untracked 
| 826|0x0000000769c00000, 0x0000000769e00000, 0x0000000769e00000|100%| O|  |TAMS 0x0000000769c00000, 0x0000000769c00000| Untracked 
| 827|0x0000000769e00000, 0x000000076a000000, 0x000000076a000000|100%| O|  |TAMS 0x0000000769e00000, 0x0000000769e00000| Untracked 
| 828|0x000000076a000000, 0x000000076a200000, 0x000000076a200000|100%| O|  |TAMS 0x000000076a000000, 0x000000076a000000| Untracked 
| 829|0x000000076a200000, 0x000000076a400000, 0x000000076a400000|100%| O|  |TAMS 0x000000076a200000, 0x000000076a200000| Untracked 
| 830|0x000000076a400000, 0x000000076a600000, 0x000000076a600000|100%| O|  |TAMS 0x000000076a400000, 0x000000076a400000| Untracked 
| 831|0x000000076a600000, 0x000000076a800000, 0x000000076a800000|100%| O|  |TAMS 0x000000076a600000, 0x000000076a600000| Untracked 
| 832|0x000000076a800000, 0x000000076aa00000, 0x000000076aa00000|100%| O|  |TAMS 0x000000076a800000, 0x000000076a800000| Untracked 
| 833|0x000000076aa00000, 0x000000076ac00000, 0x000000076ac00000|100%| O|  |TAMS 0x000000076aa00000, 0x000000076aa00000| Untracked 
| 834|0x000000076ac00000, 0x000000076ae00000, 0x000000076ae00000|100%| O|  |TAMS 0x000000076ac00000, 0x000000076ac00000| Untracked 
| 835|0x000000076ae00000, 0x000000076b000000, 0x000000076b000000|100%| O|  |TAMS 0x000000076ae00000, 0x000000076ae00000| Untracked 
| 836|0x000000076b000000, 0x000000076b200000, 0x000000076b200000|100%| O|  |TAMS 0x000000076b000000, 0x000000076b000000| Untracked 
| 837|0x000000076b200000, 0x000000076b400000, 0x000000076b400000|100%| O|  |TAMS 0x000000076b200000, 0x000000076b200000| Untracked 
| 838|0x000000076b400000, 0x000000076b600000, 0x000000076b600000|100%| O|  |TAMS 0x000000076b400000, 0x000000076b400000| Untracked 
| 839|0x000000076b600000, 0x000000076b800000, 0x000000076b800000|100%| O|  |TAMS 0x000000076b600000, 0x000000076b600000| Untracked 
| 840|0x000000076b800000, 0x000000076ba00000, 0x000000076ba00000|100%| O|  |TAMS 0x000000076b800000, 0x000000076b800000| Untracked 
| 841|0x000000076ba00000, 0x000000076bc00000, 0x000000076bc00000|100%| O|  |TAMS 0x000000076ba00000, 0x000000076ba00000| Untracked 
| 842|0x000000076bc00000, 0x000000076be00000, 0x000000076be00000|100%| O|  |TAMS 0x000000076bc00000, 0x000000076bc00000| Untracked 
| 843|0x000000076be00000, 0x000000076c000000, 0x000000076c000000|100%| O|  |TAMS 0x000000076be00000, 0x000000076be00000| Untracked 
| 844|0x000000076c000000, 0x000000076c200000, 0x000000076c200000|100%| O|  |TAMS 0x000000076c000000, 0x000000076c000000| Untracked 
| 845|0x000000076c200000, 0x000000076c400000, 0x000000076c400000|100%| O|  |TAMS 0x000000076c200000, 0x000000076c200000| Untracked 
| 846|0x000000076c400000, 0x000000076c600000, 0x000000076c600000|100%| O|  |TAMS 0x000000076c400000, 0x000000076c400000| Untracked 
| 847|0x000000076c600000, 0x000000076c800000, 0x000000076c800000|100%| O|  |TAMS 0x000000076c600000, 0x000000076c600000| Untracked 
| 848|0x000000076c800000, 0x000000076ca00000, 0x000000076ca00000|100%| O|  |TAMS 0x000000076c800000, 0x000000076c800000| Untracked 
| 849|0x000000076ca00000, 0x000000076cc00000, 0x000000076cc00000|100%| O|  |TAMS 0x000000076ca00000, 0x000000076ca00000| Untracked 
| 850|0x000000076cc00000, 0x000000076ce00000, 0x000000076ce00000|100%| O|  |TAMS 0x000000076cc00000, 0x000000076cc00000| Untracked 
| 851|0x000000076ce00000, 0x000000076d000000, 0x000000076d000000|100%| O|  |TAMS 0x000000076ce00000, 0x000000076ce00000| Untracked 
| 852|0x000000076d000000, 0x000000076d200000, 0x000000076d200000|100%| O|  |TAMS 0x000000076d000000, 0x000000076d000000| Untracked 
| 853|0x000000076d200000, 0x000000076d400000, 0x000000076d400000|100%| O|  |TAMS 0x000000076d200000, 0x000000076d200000| Untracked 
| 854|0x000000076d400000, 0x000000076d600000, 0x000000076d600000|100%| O|  |TAMS 0x000000076d400000, 0x000000076d400000| Untracked 
| 855|0x000000076d600000, 0x000000076d800000, 0x000000076d800000|100%| O|  |TAMS 0x000000076d600000, 0x000000076d600000| Untracked 
| 856|0x000000076d800000, 0x000000076da00000, 0x000000076da00000|100%| O|  |TAMS 0x000000076d800000, 0x000000076d800000| Untracked 
| 857|0x000000076da00000, 0x000000076dc00000, 0x000000076dc00000|100%| O|  |TAMS 0x000000076da00000, 0x000000076da00000| Untracked 
| 858|0x000000076dc00000, 0x000000076de00000, 0x000000076de00000|100%| O|  |TAMS 0x000000076dc00000, 0x000000076dc00000| Untracked 
| 859|0x000000076de00000, 0x000000076e000000, 0x000000076e000000|100%| O|  |TAMS 0x000000076de00000, 0x000000076de00000| Untracked 
| 860|0x000000076e000000, 0x000000076e200000, 0x000000076e200000|100%| O|  |TAMS 0x000000076e000000, 0x000000076e000000| Untracked 
| 861|0x000000076e200000, 0x000000076e400000, 0x000000076e400000|100%| O|  |TAMS 0x000000076e200000, 0x000000076e200000| Untracked 
| 862|0x000000076e400000, 0x000000076e600000, 0x000000076e600000|100%| O|  |TAMS 0x000000076e400000, 0x000000076e400000| Untracked 
| 863|0x000000076e600000, 0x000000076e800000, 0x000000076e800000|100%| O|  |TAMS 0x000000076e600000, 0x000000076e600000| Untracked 
| 864|0x000000076e800000, 0x000000076ea00000, 0x000000076ea00000|100%| O|  |TAMS 0x000000076e800000, 0x000000076e800000| Untracked 
| 865|0x000000076ea00000, 0x000000076ec00000, 0x000000076ec00000|100%| O|  |TAMS 0x000000076ea00000, 0x000000076ea00000| Untracked 
| 866|0x000000076ec00000, 0x000000076ee00000, 0x000000076ee00000|100%| O|  |TAMS 0x000000076ec00000, 0x000000076ec00000| Untracked 
| 867|0x000000076ee00000, 0x000000076f000000, 0x000000076f000000|100%| O|  |TAMS 0x000000076ee00000, 0x000000076ee00000| Untracked 
| 868|0x000000076f000000, 0x000000076f200000, 0x000000076f200000|100%| O|  |TAMS 0x000000076f000000, 0x000000076f000000| Untracked 
| 869|0x000000076f200000, 0x000000076f400000, 0x000000076f400000|100%| O|  |TAMS 0x000000076f200000, 0x000000076f200000| Untracked 
| 870|0x000000076f400000, 0x000000076f600000, 0x000000076f600000|100%| O|  |TAMS 0x000000076f400000, 0x000000076f400000| Untracked 
| 871|0x000000076f600000, 0x000000076f800000, 0x000000076f800000|100%| O|  |TAMS 0x000000076f600000, 0x000000076f600000| Untracked 
| 872|0x000000076f800000, 0x000000076fa00000, 0x000000076fa00000|100%| O|  |TAMS 0x000000076f800000, 0x000000076f800000| Untracked 
| 873|0x000000076fa00000, 0x000000076fc00000, 0x000000076fc00000|100%| O|  |TAMS 0x000000076fa00000, 0x000000076fa00000| Untracked 
| 874|0x000000076fc00000, 0x000000076fe00000, 0x000000076fe00000|100%| O|  |TAMS 0x000000076fc00000, 0x000000076fc00000| Untracked 
| 875|0x000000076fe00000, 0x0000000770000000, 0x0000000770000000|100%| O|  |TAMS 0x000000076fe00000, 0x000000076fe00000| Untracked 
| 876|0x0000000770000000, 0x0000000770200000, 0x0000000770200000|100%| O|  |TAMS 0x0000000770000000, 0x0000000770000000| Untracked 
| 877|0x0000000770200000, 0x0000000770400000, 0x0000000770400000|100%| O|  |TAMS 0x0000000770200000, 0x0000000770200000| Untracked 
| 878|0x0000000770400000, 0x0000000770600000, 0x0000000770600000|100%| O|  |TAMS 0x0000000770400000, 0x0000000770400000| Untracked 
| 879|0x0000000770600000, 0x0000000770800000, 0x0000000770800000|100%| O|  |TAMS 0x0000000770600000, 0x0000000770600000| Untracked 
| 880|0x0000000770800000, 0x0000000770a00000, 0x0000000770a00000|100%| O|  |TAMS 0x0000000770800000, 0x0000000770800000| Untracked 
| 881|0x0000000770a00000, 0x0000000770c00000, 0x0000000770c00000|100%| O|  |TAMS 0x0000000770a00000, 0x0000000770a00000| Untracked 
| 882|0x0000000770c00000, 0x0000000770e00000, 0x0000000770e00000|100%| O|  |TAMS 0x0000000770c00000, 0x0000000770c00000| Untracked 
| 883|0x0000000770e00000, 0x0000000771000000, 0x0000000771000000|100%| O|  |TAMS 0x0000000770e00000, 0x0000000770e00000| Untracked 
| 884|0x0000000771000000, 0x0000000771200000, 0x0000000771200000|100%| O|  |TAMS 0x0000000771000000, 0x0000000771000000| Untracked 
| 885|0x0000000771200000, 0x0000000771400000, 0x0000000771400000|100%| O|  |TAMS 0x0000000771200000, 0x0000000771200000| Untracked 
| 886|0x0000000771400000, 0x0000000771600000, 0x0000000771600000|100%| O|  |TAMS 0x0000000771400000, 0x0000000771400000| Untracked 
| 887|0x0000000771600000, 0x0000000771800000, 0x0000000771800000|100%| O|  |TAMS 0x0000000771600000, 0x0000000771600000| Untracked 
| 888|0x0000000771800000, 0x0000000771a00000, 0x0000000771a00000|100%| O|  |TAMS 0x0000000771800000, 0x0000000771800000| Untracked 
| 889|0x0000000771a00000, 0x0000000771c00000, 0x0000000771c00000|100%| O|  |TAMS 0x0000000771a00000, 0x0000000771a00000| Untracked 
| 890|0x0000000771c00000, 0x0000000771e00000, 0x0000000771e00000|100%| O|  |TAMS 0x0000000771c00000, 0x0000000771c00000| Untracked 
| 891|0x0000000771e00000, 0x0000000772000000, 0x0000000772000000|100%| O|  |TAMS 0x0000000771e00000, 0x0000000771e00000| Untracked 
| 892|0x0000000772000000, 0x0000000772200000, 0x0000000772200000|100%| O|  |TAMS 0x0000000772000000, 0x0000000772000000| Untracked 
| 893|0x0000000772200000, 0x0000000772400000, 0x0000000772400000|100%| O|  |TAMS 0x0000000772200000, 0x0000000772200000| Untracked 
| 894|0x0000000772400000, 0x0000000772600000, 0x0000000772600000|100%| O|  |TAMS 0x0000000772400000, 0x0000000772400000| Untracked 
| 895|0x0000000772600000, 0x0000000772800000, 0x0000000772800000|100%| O|  |TAMS 0x0000000772600000, 0x0000000772600000| Untracked 
| 896|0x0000000772800000, 0x0000000772a00000, 0x0000000772a00000|100%| O|  |TAMS 0x0000000772800000, 0x0000000772800000| Untracked 
| 897|0x0000000772a00000, 0x0000000772c00000, 0x0000000772c00000|100%| O|  |TAMS 0x0000000772a00000, 0x0000000772a00000| Untracked 
| 898|0x0000000772c00000, 0x0000000772e00000, 0x0000000772e00000|100%| O|  |TAMS 0x0000000772c00000, 0x0000000772c00000| Untracked 
| 899|0x0000000772e00000, 0x0000000773000000, 0x0000000773000000|100%| O|  |TAMS 0x0000000772e00000, 0x0000000772e00000| Untracked 
| 900|0x0000000773000000, 0x0000000773200000, 0x0000000773200000|100%| O|  |TAMS 0x0000000773000000, 0x0000000773000000| Untracked 
| 901|0x0000000773200000, 0x0000000773400000, 0x0000000773400000|100%| O|  |TAMS 0x0000000773200000, 0x0000000773200000| Untracked 
| 902|0x0000000773400000, 0x0000000773600000, 0x0000000773600000|100%| O|  |TAMS 0x0000000773400000, 0x0000000773400000| Untracked 
| 903|0x0000000773600000, 0x0000000773800000, 0x0000000773800000|100%| O|  |TAMS 0x0000000773600000, 0x0000000773600000| Untracked 
| 904|0x0000000773800000, 0x0000000773a00000, 0x0000000773a00000|100%| O|  |TAMS 0x0000000773800000, 0x0000000773800000| Untracked 
| 905|0x0000000773a00000, 0x0000000773c00000, 0x0000000773c00000|100%| O|  |TAMS 0x0000000773a00000, 0x0000000773a00000| Untracked 
| 906|0x0000000773c00000, 0x0000000773e00000, 0x0000000773e00000|100%| O|  |TAMS 0x0000000773c00000, 0x0000000773c00000| Untracked 
| 907|0x0000000773e00000, 0x0000000774000000, 0x0000000774000000|100%| O|  |TAMS 0x0000000773e00000, 0x0000000773e00000| Untracked 
| 908|0x0000000774000000, 0x0000000774200000, 0x0000000774200000|100%| O|  |TAMS 0x0000000774000000, 0x0000000774000000| Untracked 
| 909|0x0000000774200000, 0x0000000774400000, 0x0000000774400000|100%| O|  |TAMS 0x0000000774200000, 0x0000000774200000| Untracked 
| 910|0x0000000774400000, 0x0000000774600000, 0x0000000774600000|100%| O|  |TAMS 0x0000000774400000, 0x0000000774400000| Untracked 
| 911|0x0000000774600000, 0x0000000774800000, 0x0000000774800000|100%| O|  |TAMS 0x0000000774600000, 0x0000000774600000| Untracked 
| 912|0x0000000774800000, 0x0000000774a00000, 0x0000000774a00000|100%| O|  |TAMS 0x0000000774800000, 0x0000000774800000| Untracked 
| 913|0x0000000774a00000, 0x0000000774c00000, 0x0000000774c00000|100%| O|  |TAMS 0x0000000774a00000, 0x0000000774a00000| Untracked 
| 914|0x0000000774c00000, 0x0000000774e00000, 0x0000000774e00000|100%| O|  |TAMS 0x0000000774c00000, 0x0000000774c00000| Untracked 
| 915|0x0000000774e00000, 0x0000000775000000, 0x0000000775000000|100%| O|  |TAMS 0x0000000774e00000, 0x0000000774e00000| Untracked 
| 916|0x0000000775000000, 0x0000000775200000, 0x0000000775200000|100%| O|  |TAMS 0x0000000775000000, 0x0000000775000000| Untracked 
| 917|0x0000000775200000, 0x0000000775400000, 0x0000000775400000|100%| O|  |TAMS 0x0000000775200000, 0x0000000775200000| Untracked 
| 918|0x0000000775400000, 0x0000000775600000, 0x0000000775600000|100%| O|  |TAMS 0x0000000775400000, 0x0000000775400000| Untracked 
| 919|0x0000000775600000, 0x0000000775800000, 0x0000000775800000|100%| O|  |TAMS 0x0000000775600000, 0x0000000775600000| Untracked 
| 920|0x0000000775800000, 0x0000000775a00000, 0x0000000775a00000|100%| O|  |TAMS 0x0000000775800000, 0x0000000775800000| Untracked 
| 921|0x0000000775a00000, 0x0000000775c00000, 0x0000000775c00000|100%| O|  |TAMS 0x0000000775a00000, 0x0000000775a00000| Untracked 
| 922|0x0000000775c00000, 0x0000000775e00000, 0x0000000775e00000|100%| O|  |TAMS 0x0000000775c00000, 0x0000000775c00000| Untracked 
| 923|0x0000000775e00000, 0x0000000776000000, 0x0000000776000000|100%| O|  |TAMS 0x0000000775e00000, 0x0000000775e00000| Untracked 
| 924|0x0000000776000000, 0x0000000776200000, 0x0000000776200000|100%| O|  |TAMS 0x0000000776000000, 0x0000000776000000| Untracked 
| 925|0x0000000776200000, 0x0000000776400000, 0x0000000776400000|100%| O|  |TAMS 0x0000000776200000, 0x0000000776200000| Untracked 
| 926|0x0000000776400000, 0x0000000776600000, 0x0000000776600000|100%| O|  |TAMS 0x0000000776400000, 0x0000000776400000| Untracked 
| 927|0x0000000776600000, 0x0000000776800000, 0x0000000776800000|100%| O|  |TAMS 0x0000000776600000, 0x0000000776600000| Untracked 
| 928|0x0000000776800000, 0x0000000776a00000, 0x0000000776a00000|100%| O|  |TAMS 0x0000000776800000, 0x0000000776800000| Untracked 
| 929|0x0000000776a00000, 0x0000000776c00000, 0x0000000776c00000|100%| O|  |TAMS 0x0000000776a00000, 0x0000000776a00000| Untracked 
| 930|0x0000000776c00000, 0x0000000776e00000, 0x0000000776e00000|100%| O|  |TAMS 0x0000000776c00000, 0x0000000776c00000| Untracked 
| 931|0x0000000776e00000, 0x0000000777000000, 0x0000000777000000|100%| O|  |TAMS 0x0000000776e00000, 0x0000000776e00000| Untracked 
| 932|0x0000000777000000, 0x0000000777200000, 0x0000000777200000|100%| O|  |TAMS 0x0000000777000000, 0x0000000777000000| Untracked 
| 933|0x0000000777200000, 0x0000000777400000, 0x0000000777400000|100%| O|  |TAMS 0x0000000777200000, 0x0000000777200000| Untracked 
| 934|0x0000000777400000, 0x0000000777600000, 0x0000000777600000|100%| O|  |TAMS 0x0000000777400000, 0x0000000777400000| Untracked 
| 935|0x0000000777600000, 0x0000000777800000, 0x0000000777800000|100%| O|  |TAMS 0x0000000777600000, 0x0000000777600000| Untracked 
| 936|0x0000000777800000, 0x0000000777a00000, 0x0000000777a00000|100%| O|  |TAMS 0x0000000777800000, 0x0000000777800000| Untracked 
| 937|0x0000000777a00000, 0x0000000777c00000, 0x0000000777c00000|100%| O|  |TAMS 0x0000000777a00000, 0x0000000777a00000| Untracked 
| 938|0x0000000777c00000, 0x0000000777e00000, 0x0000000777e00000|100%| O|  |TAMS 0x0000000777c00000, 0x0000000777c00000| Untracked 
| 939|0x0000000777e00000, 0x0000000778000000, 0x0000000778000000|100%| O|  |TAMS 0x0000000777e00000, 0x0000000777e00000| Untracked 
| 940|0x0000000778000000, 0x0000000778200000, 0x0000000778200000|100%| O|  |TAMS 0x0000000778000000, 0x0000000778000000| Untracked 
| 941|0x0000000778200000, 0x0000000778400000, 0x0000000778400000|100%| O|  |TAMS 0x0000000778200000, 0x0000000778200000| Untracked 
| 942|0x0000000778400000, 0x0000000778600000, 0x0000000778600000|100%| O|  |TAMS 0x0000000778400000, 0x0000000778400000| Untracked 
| 943|0x0000000778600000, 0x0000000778800000, 0x0000000778800000|100%| O|  |TAMS 0x0000000778600000, 0x0000000778600000| Untracked 
| 944|0x0000000778800000, 0x0000000778a00000, 0x0000000778a00000|100%| O|  |TAMS 0x0000000778800000, 0x0000000778800000| Untracked 
| 945|0x0000000778a00000, 0x0000000778c00000, 0x0000000778c00000|100%| O|  |TAMS 0x0000000778a00000, 0x0000000778a00000| Untracked 
| 946|0x0000000778c00000, 0x0000000778e00000, 0x0000000778e00000|100%| O|  |TAMS 0x0000000778c00000, 0x0000000778c00000| Untracked 
| 947|0x0000000778e00000, 0x0000000779000000, 0x0000000779000000|100%| O|  |TAMS 0x0000000778e00000, 0x0000000778e00000| Untracked 
| 948|0x0000000779000000, 0x0000000779200000, 0x0000000779200000|100%| O|  |TAMS 0x0000000779000000, 0x0000000779000000| Untracked 
| 949|0x0000000779200000, 0x0000000779400000, 0x0000000779400000|100%| O|  |TAMS 0x0000000779200000, 0x0000000779200000| Untracked 
| 950|0x0000000779400000, 0x0000000779600000, 0x0000000779600000|100%| O|  |TAMS 0x0000000779400000, 0x0000000779400000| Untracked 
| 951|0x0000000779600000, 0x0000000779800000, 0x0000000779800000|100%| O|  |TAMS 0x0000000779600000, 0x0000000779600000| Untracked 
| 952|0x0000000779800000, 0x0000000779a00000, 0x0000000779a00000|100%| O|  |TAMS 0x0000000779800000, 0x0000000779800000| Untracked 
| 953|0x0000000779a00000, 0x0000000779c00000, 0x0000000779c00000|100%| O|  |TAMS 0x0000000779a00000, 0x0000000779a00000| Untracked 
| 954|0x0000000779c00000, 0x0000000779e00000, 0x0000000779e00000|100%| O|  |TAMS 0x0000000779c00000, 0x0000000779c00000| Untracked 
| 955|0x0000000779e00000, 0x000000077a000000, 0x000000077a000000|100%| O|  |TAMS 0x0000000779e00000, 0x0000000779e00000| Untracked 
| 956|0x000000077a000000, 0x000000077a200000, 0x000000077a200000|100%| O|  |TAMS 0x000000077a000000, 0x000000077a000000| Untracked 
| 957|0x000000077a200000, 0x000000077a400000, 0x000000077a400000|100%| O|  |TAMS 0x000000077a200000, 0x000000077a200000| Untracked 
| 958|0x000000077a400000, 0x000000077a600000, 0x000000077a600000|100%| O|  |TAMS 0x000000077a400000, 0x000000077a400000| Untracked 
| 959|0x000000077a600000, 0x000000077a800000, 0x000000077a800000|100%| O|  |TAMS 0x000000077a600000, 0x000000077a600000| Untracked 
| 960|0x000000077a800000, 0x000000077aa00000, 0x000000077aa00000|100%| O|  |TAMS 0x000000077a800000, 0x000000077a800000| Untracked 
| 961|0x000000077aa00000, 0x000000077ac00000, 0x000000077ac00000|100%| O|  |TAMS 0x000000077aa00000, 0x000000077aa00000| Untracked 
| 962|0x000000077ac00000, 0x000000077ae00000, 0x000000077ae00000|100%| O|  |TAMS 0x000000077ac00000, 0x000000077ac00000| Untracked 
| 963|0x000000077ae00000, 0x000000077b000000, 0x000000077b000000|100%| O|  |TAMS 0x000000077ae00000, 0x000000077ae00000| Untracked 
| 964|0x000000077b000000, 0x000000077b200000, 0x000000077b200000|100%| O|  |TAMS 0x000000077b000000, 0x000000077b000000| Untracked 
| 965|0x000000077b200000, 0x000000077b400000, 0x000000077b400000|100%| O|  |TAMS 0x000000077b200000, 0x000000077b200000| Untracked 
| 966|0x000000077b400000, 0x000000077b600000, 0x000000077b600000|100%| O|  |TAMS 0x000000077b400000, 0x000000077b400000| Untracked 
| 967|0x000000077b600000, 0x000000077b800000, 0x000000077b800000|100%| O|  |TAMS 0x000000077b600000, 0x000000077b600000| Untracked 
| 968|0x000000077b800000, 0x000000077ba00000, 0x000000077ba00000|100%| O|  |TAMS 0x000000077b800000, 0x000000077b800000| Untracked 
| 969|0x000000077ba00000, 0x000000077bc00000, 0x000000077bc00000|100%| O|  |TAMS 0x000000077ba00000, 0x000000077ba00000| Untracked 
| 970|0x000000077bc00000, 0x000000077be00000, 0x000000077be00000|100%| O|  |TAMS 0x000000077bc00000, 0x000000077bc00000| Untracked 
| 971|0x000000077be00000, 0x000000077c000000, 0x000000077c000000|100%| O|  |TAMS 0x000000077be00000, 0x000000077be00000| Untracked 
| 972|0x000000077c000000, 0x000000077c200000, 0x000000077c200000|100%| O|  |TAMS 0x000000077c000000, 0x000000077c000000| Untracked 
| 973|0x000000077c200000, 0x000000077c400000, 0x000000077c400000|100%| O|  |TAMS 0x000000077c200000, 0x000000077c200000| Untracked 
| 974|0x000000077c400000, 0x000000077c600000, 0x000000077c600000|100%| O|  |TAMS 0x000000077c400000, 0x000000077c400000| Untracked 
| 975|0x000000077c600000, 0x000000077c800000, 0x000000077c800000|100%| O|  |TAMS 0x000000077c600000, 0x000000077c600000| Untracked 
| 976|0x000000077c800000, 0x000000077ca00000, 0x000000077ca00000|100%| O|  |TAMS 0x000000077c800000, 0x000000077c800000| Untracked 
| 977|0x000000077ca00000, 0x000000077cc00000, 0x000000077cc00000|100%| O|  |TAMS 0x000000077ca00000, 0x000000077ca00000| Untracked 
| 978|0x000000077cc00000, 0x000000077ce00000, 0x000000077ce00000|100%| O|  |TAMS 0x000000077cc00000, 0x000000077cc00000| Untracked 
| 979|0x000000077ce00000, 0x000000077d000000, 0x000000077d000000|100%| O|  |TAMS 0x000000077ce00000, 0x000000077ce00000| Untracked 
| 980|0x000000077d000000, 0x000000077d200000, 0x000000077d200000|100%| O|  |TAMS 0x000000077d000000, 0x000000077d000000| Untracked 
| 981|0x000000077d200000, 0x000000077d400000, 0x000000077d400000|100%| O|  |TAMS 0x000000077d200000, 0x000000077d200000| Untracked 
| 982|0x000000077d400000, 0x000000077d600000, 0x000000077d600000|100%| O|  |TAMS 0x000000077d400000, 0x000000077d400000| Untracked 
| 983|0x000000077d600000, 0x000000077d800000, 0x000000077d800000|100%| O|  |TAMS 0x000000077d600000, 0x000000077d600000| Untracked 
| 984|0x000000077d800000, 0x000000077da00000, 0x000000077da00000|100%| O|  |TAMS 0x000000077d800000, 0x000000077d800000| Untracked 
| 985|0x000000077da00000, 0x000000077dc00000, 0x000000077dc00000|100%| O|  |TAMS 0x000000077da00000, 0x000000077da00000| Untracked 
| 986|0x000000077dc00000, 0x000000077de00000, 0x000000077de00000|100%| O|  |TAMS 0x000000077dc00000, 0x000000077dc00000| Untracked 
| 987|0x000000077de00000, 0x000000077e000000, 0x000000077e000000|100%| O|  |TAMS 0x000000077de00000, 0x000000077de00000| Untracked 
| 988|0x000000077e000000, 0x000000077e200000, 0x000000077e200000|100%| O|  |TAMS 0x000000077e000000, 0x000000077e000000| Untracked 
| 989|0x000000077e200000, 0x000000077e400000, 0x000000077e400000|100%| O|  |TAMS 0x000000077e200000, 0x000000077e200000| Untracked 
| 990|0x000000077e400000, 0x000000077e600000, 0x000000077e600000|100%| O|  |TAMS 0x000000077e400000, 0x000000077e400000| Untracked 
| 991|0x000000077e600000, 0x000000077e800000, 0x000000077e800000|100%| O|  |TAMS 0x000000077e600000, 0x000000077e600000| Untracked 
| 992|0x000000077e800000, 0x000000077ea00000, 0x000000077ea00000|100%| O|  |TAMS 0x000000077e800000, 0x000000077e800000| Untracked 
| 993|0x000000077ea00000, 0x000000077ec00000, 0x000000077ec00000|100%| O|  |TAMS 0x000000077ea00000, 0x000000077ea00000| Untracked 
| 994|0x000000077ec00000, 0x000000077ee00000, 0x000000077ee00000|100%| O|  |TAMS 0x000000077ec00000, 0x000000077ec00000| Untracked 
| 995|0x000000077ee00000, 0x000000077f000000, 0x000000077f000000|100%| O|  |TAMS 0x000000077ee00000, 0x000000077ee00000| Untracked 
| 996|0x000000077f000000, 0x000000077f200000, 0x000000077f200000|100%| O|  |TAMS 0x000000077f000000, 0x000000077f000000| Untracked 
| 997|0x000000077f200000, 0x000000077f400000, 0x000000077f400000|100%| O|  |TAMS 0x000000077f200000, 0x000000077f200000| Untracked 
| 998|0x000000077f400000, 0x000000077f600000, 0x000000077f600000|100%| O|  |TAMS 0x000000077f400000, 0x000000077f400000| Untracked 
| 999|0x000000077f600000, 0x000000077f800000, 0x000000077f800000|100%| O|  |TAMS 0x000000077f600000, 0x000000077f600000| Untracked 
|1000|0x000000077f800000, 0x000000077fa00000, 0x000000077fa00000|100%| O|  |TAMS 0x000000077f800000, 0x000000077f800000| Untracked 
|1001|0x000000077fa00000, 0x000000077fc00000, 0x000000077fc00000|100%| O|  |TAMS 0x000000077fa00000, 0x000000077fa00000| Untracked 
|1002|0x000000077fc00000, 0x000000077fe00000, 0x000000077fe00000|100%| O|  |TAMS 0x000000077fc00000, 0x000000077fc00000| Untracked 
|1003|0x000000077fe00000, 0x0000000780000000, 0x0000000780000000|100%| O|  |TAMS 0x000000077fe00000, 0x000000077fe00000| Untracked 
|1004|0x0000000780000000, 0x0000000780200000, 0x0000000780200000|100%| O|  |TAMS 0x0000000780000000, 0x0000000780000000| Untracked 
|1005|0x0000000780200000, 0x0000000780400000, 0x0000000780400000|100%| O|  |TAMS 0x0000000780200000, 0x0000000780200000| Untracked 
|1006|0x0000000780400000, 0x0000000780600000, 0x0000000780600000|100%| O|  |TAMS 0x0000000780400000, 0x0000000780400000| Untracked 
|1007|0x0000000780600000, 0x0000000780800000, 0x0000000780800000|100%| O|  |TAMS 0x0000000780600000, 0x0000000780600000| Untracked 
|1008|0x0000000780800000, 0x0000000780a00000, 0x0000000780a00000|100%| O|  |TAMS 0x0000000780800000, 0x0000000780800000| Untracked 
|1009|0x0000000780a00000, 0x0000000780c00000, 0x0000000780c00000|100%| O|  |TAMS 0x0000000780a00000, 0x0000000780a00000| Untracked 
|1010|0x0000000780c00000, 0x0000000780e00000, 0x0000000780e00000|100%| O|  |TAMS 0x0000000780c00000, 0x0000000780c00000| Untracked 
|1011|0x0000000780e00000, 0x0000000781000000, 0x0000000781000000|100%| O|  |TAMS 0x0000000780e00000, 0x0000000780e00000| Untracked 
|1012|0x0000000781000000, 0x0000000781200000, 0x0000000781200000|100%| O|  |TAMS 0x0000000781000000, 0x0000000781000000| Untracked 
|1013|0x0000000781200000, 0x0000000781400000, 0x0000000781400000|100%| O|  |TAMS 0x0000000781200000, 0x0000000781200000| Untracked 
|1014|0x0000000781400000, 0x0000000781600000, 0x0000000781600000|100%| O|  |TAMS 0x0000000781400000, 0x0000000781400000| Untracked 
|1015|0x0000000781600000, 0x0000000781800000, 0x0000000781800000|100%| O|  |TAMS 0x0000000781600000, 0x0000000781600000| Untracked 
|1016|0x0000000781800000, 0x0000000781a00000, 0x0000000781a00000|100%| O|  |TAMS 0x0000000781800000, 0x0000000781800000| Untracked 
|1017|0x0000000781a00000, 0x0000000781c00000, 0x0000000781c00000|100%| O|  |TAMS 0x0000000781a00000, 0x0000000781a00000| Untracked 
|1018|0x0000000781c00000, 0x0000000781e00000, 0x0000000781e00000|100%| O|  |TAMS 0x0000000781c00000, 0x0000000781c00000| Untracked 
|1019|0x0000000781e00000, 0x0000000782000000, 0x0000000782000000|100%| O|  |TAMS 0x0000000781e00000, 0x0000000781e00000| Untracked 
|1020|0x0000000782000000, 0x0000000782200000, 0x0000000782200000|100%| O|  |TAMS 0x0000000782000000, 0x0000000782000000| Untracked 
|1021|0x0000000782200000, 0x0000000782400000, 0x0000000782400000|100%| O|  |TAMS 0x0000000782200000, 0x0000000782200000| Untracked 
|1022|0x0000000782400000, 0x0000000782600000, 0x0000000782600000|100%| O|  |TAMS 0x0000000782400000, 0x0000000782400000| Untracked 
|1023|0x0000000782600000, 0x0000000782800000, 0x0000000782800000|100%| O|  |TAMS 0x0000000782600000, 0x0000000782600000| Untracked 
|1024|0x0000000782800000, 0x0000000782a00000, 0x0000000782a00000|100%| O|  |TAMS 0x0000000782800000, 0x0000000782800000| Untracked 
|1025|0x0000000782a00000, 0x0000000782c00000, 0x0000000782c00000|100%| O|  |TAMS 0x0000000782a00000, 0x0000000782a00000| Untracked 
|1026|0x0000000782c00000, 0x0000000782e00000, 0x0000000782e00000|100%| O|  |TAMS 0x0000000782c00000, 0x0000000782c00000| Untracked 
|1027|0x0000000782e00000, 0x0000000783000000, 0x0000000783000000|100%| O|  |TAMS 0x0000000782e00000, 0x0000000782e00000| Untracked 
|1028|0x0000000783000000, 0x0000000783200000, 0x0000000783200000|100%| O|  |TAMS 0x0000000783000000, 0x0000000783000000| Untracked 
|1029|0x0000000783200000, 0x0000000783400000, 0x0000000783400000|100%| O|  |TAMS 0x0000000783200000, 0x0000000783200000| Untracked 
|1030|0x0000000783400000, 0x0000000783600000, 0x0000000783600000|100%| O|  |TAMS 0x0000000783400000, 0x0000000783400000| Untracked 
|1031|0x0000000783600000, 0x0000000783800000, 0x0000000783800000|100%| O|  |TAMS 0x0000000783600000, 0x0000000783600000| Untracked 
|1032|0x0000000783800000, 0x0000000783a00000, 0x0000000783a00000|100%| O|  |TAMS 0x0000000783800000, 0x0000000783800000| Untracked 
|1033|0x0000000783a00000, 0x0000000783c00000, 0x0000000783c00000|100%| O|  |TAMS 0x0000000783a00000, 0x0000000783a00000| Untracked 
|1034|0x0000000783c00000, 0x0000000783e00000, 0x0000000783e00000|100%| O|  |TAMS 0x0000000783c00000, 0x0000000783c00000| Untracked 
|1035|0x0000000783e00000, 0x0000000784000000, 0x0000000784000000|100%| O|  |TAMS 0x0000000783e00000, 0x0000000783e00000| Untracked 
|1036|0x0000000784000000, 0x0000000784200000, 0x0000000784200000|100%| O|  |TAMS 0x0000000784000000, 0x0000000784000000| Untracked 
|1037|0x0000000784200000, 0x0000000784400000, 0x0000000784400000|100%| O|  |TAMS 0x0000000784200000, 0x0000000784200000| Untracked 
|1038|0x0000000784400000, 0x0000000784400000, 0x0000000784600000|  0%| F|  |TAMS 0x0000000784400000, 0x0000000784400000| Untracked 
|1039|0x0000000784600000, 0x0000000784800000, 0x0000000784800000|100%| O|  |TAMS 0x0000000784600000, 0x0000000784600000| Untracked 
|1040|0x0000000784800000, 0x0000000784a00000, 0x0000000784a00000|100%| O|  |TAMS 0x0000000784800000, 0x0000000784800000| Untracked 
|1041|0x0000000784a00000, 0x0000000784c00000, 0x0000000784c00000|100%| O|  |TAMS 0x0000000784a00000, 0x0000000784a00000| Untracked 
|1042|0x0000000784c00000, 0x0000000784e00000, 0x0000000784e00000|100%| O|  |TAMS 0x0000000784c00000, 0x0000000784c00000| Untracked 
|1043|0x0000000784e00000, 0x0000000785000000, 0x0000000785000000|100%| O|  |TAMS 0x0000000784e00000, 0x0000000784e00000| Untracked 
|1044|0x0000000785000000, 0x0000000785200000, 0x0000000785200000|100%| O|  |TAMS 0x0000000785000000, 0x0000000785000000| Untracked 
|1045|0x0000000785200000, 0x0000000785400000, 0x0000000785400000|100%| O|  |TAMS 0x0000000785200000, 0x0000000785200000| Untracked 
|1046|0x0000000785400000, 0x0000000785600000, 0x0000000785600000|100%| O|  |TAMS 0x0000000785400000, 0x0000000785400000| Untracked 
|1047|0x0000000785600000, 0x0000000785800000, 0x0000000785800000|100%| O|  |TAMS 0x0000000785600000, 0x0000000785600000| Untracked 
|1048|0x0000000785800000, 0x0000000785a00000, 0x0000000785a00000|100%| O|  |TAMS 0x0000000785800000, 0x0000000785800000| Untracked 
|1049|0x0000000785a00000, 0x0000000785c00000, 0x0000000785c00000|100%| O|  |TAMS 0x0000000785a00000, 0x0000000785a00000| Untracked 
|1050|0x0000000785c00000, 0x0000000785e00000, 0x0000000785e00000|100%| O|  |TAMS 0x0000000785c00000, 0x0000000785c00000| Untracked 
|1051|0x0000000785e00000, 0x0000000786000000, 0x0000000786000000|100%| O|  |TAMS 0x0000000785e00000, 0x0000000785e00000| Untracked 
|1052|0x0000000786000000, 0x0000000786200000, 0x0000000786200000|100%| O|  |TAMS 0x0000000786000000, 0x0000000786000000| Untracked 
|1053|0x0000000786200000, 0x0000000786400000, 0x0000000786400000|100%| O|  |TAMS 0x0000000786200000, 0x0000000786200000| Untracked 
|1054|0x0000000786400000, 0x0000000786600000, 0x0000000786600000|100%| O|  |TAMS 0x0000000786400000, 0x0000000786400000| Untracked 
|1055|0x0000000786600000, 0x0000000786800000, 0x0000000786800000|100%| O|  |TAMS 0x0000000786600000, 0x0000000786600000| Untracked 
|1056|0x0000000786800000, 0x0000000786a00000, 0x0000000786a00000|100%| O|  |TAMS 0x0000000786800000, 0x0000000786800000| Untracked 
|1057|0x0000000786a00000, 0x0000000786c00000, 0x0000000786c00000|100%| O|  |TAMS 0x0000000786a00000, 0x0000000786a00000| Untracked 
|1058|0x0000000786c00000, 0x0000000786e00000, 0x0000000786e00000|100%| O|  |TAMS 0x0000000786c00000, 0x0000000786c00000| Untracked 
|1059|0x0000000786e00000, 0x0000000787000000, 0x0000000787000000|100%| O|  |TAMS 0x0000000786e00000, 0x0000000786e00000| Untracked 
|1060|0x0000000787000000, 0x0000000787200000, 0x0000000787200000|100%| O|  |TAMS 0x0000000787000000, 0x0000000787000000| Untracked 
|1061|0x0000000787200000, 0x0000000787400000, 0x0000000787400000|100%| O|  |TAMS 0x0000000787200000, 0x0000000787200000| Untracked 
|1062|0x0000000787400000, 0x0000000787600000, 0x0000000787600000|100%| O|  |TAMS 0x0000000787400000, 0x0000000787400000| Untracked 
|1063|0x0000000787600000, 0x0000000787800000, 0x0000000787800000|100%| O|  |TAMS 0x0000000787600000, 0x0000000787600000| Untracked 
|1064|0x0000000787800000, 0x0000000787a00000, 0x0000000787a00000|100%| O|  |TAMS 0x0000000787800000, 0x0000000787800000| Untracked 
|1065|0x0000000787a00000, 0x0000000787c00000, 0x0000000787c00000|100%| O|  |TAMS 0x0000000787a00000, 0x0000000787a00000| Untracked 
|1066|0x0000000787c00000, 0x0000000787e00000, 0x0000000787e00000|100%| O|  |TAMS 0x0000000787c00000, 0x0000000787c00000| Untracked 
|1067|0x0000000787e00000, 0x0000000788000000, 0x0000000788000000|100%| O|  |TAMS 0x0000000787e00000, 0x0000000787e00000| Untracked 
|1068|0x0000000788000000, 0x0000000788200000, 0x0000000788200000|100%| O|  |TAMS 0x0000000788000000, 0x0000000788000000| Untracked 
|1069|0x0000000788200000, 0x0000000788400000, 0x0000000788400000|100%| O|  |TAMS 0x0000000788200000, 0x0000000788200000| Untracked 
|1070|0x0000000788400000, 0x0000000788600000, 0x0000000788600000|100%| O|  |TAMS 0x0000000788400000, 0x0000000788400000| Untracked 
|1071|0x0000000788600000, 0x0000000788800000, 0x0000000788800000|100%| O|  |TAMS 0x0000000788600000, 0x0000000788600000| Untracked 
|1072|0x0000000788800000, 0x0000000788a00000, 0x0000000788a00000|100%| O|  |TAMS 0x0000000788800000, 0x0000000788800000| Untracked 
|1073|0x0000000788a00000, 0x0000000788c00000, 0x0000000788c00000|100%| O|  |TAMS 0x0000000788a00000, 0x0000000788a00000| Untracked 
|1074|0x0000000788c00000, 0x0000000788e00000, 0x0000000788e00000|100%| O|  |TAMS 0x0000000788c00000, 0x0000000788c00000| Untracked 
|1075|0x0000000788e00000, 0x0000000789000000, 0x0000000789000000|100%| O|  |TAMS 0x0000000788e00000, 0x0000000788e00000| Untracked 
|1076|0x0000000789000000, 0x0000000789200000, 0x0000000789200000|100%| O|  |TAMS 0x0000000789000000, 0x0000000789000000| Untracked 
|1077|0x0000000789200000, 0x0000000789400000, 0x0000000789400000|100%| O|  |TAMS 0x0000000789200000, 0x0000000789200000| Untracked 
|1078|0x0000000789400000, 0x0000000789600000, 0x0000000789600000|100%| O|  |TAMS 0x0000000789400000, 0x0000000789400000| Untracked 
|1079|0x0000000789600000, 0x0000000789800000, 0x0000000789800000|100%| O|  |TAMS 0x0000000789600000, 0x0000000789600000| Untracked 
|1080|0x0000000789800000, 0x0000000789a00000, 0x0000000789a00000|100%| O|  |TAMS 0x0000000789800000, 0x0000000789800000| Untracked 
|1081|0x0000000789a00000, 0x0000000789c00000, 0x0000000789c00000|100%| O|  |TAMS 0x0000000789a00000, 0x0000000789a00000| Untracked 
|1082|0x0000000789c00000, 0x0000000789e00000, 0x0000000789e00000|100%| O|  |TAMS 0x0000000789c00000, 0x0000000789c00000| Untracked 
|1083|0x0000000789e00000, 0x000000078a000000, 0x000000078a000000|100%| O|  |TAMS 0x0000000789e00000, 0x0000000789e00000| Untracked 
|1084|0x000000078a000000, 0x000000078a200000, 0x000000078a200000|100%| O|  |TAMS 0x000000078a000000, 0x000000078a000000| Untracked 
|1085|0x000000078a200000, 0x000000078a400000, 0x000000078a400000|100%| O|  |TAMS 0x000000078a200000, 0x000000078a200000| Untracked 
|1086|0x000000078a400000, 0x000000078a600000, 0x000000078a600000|100%| O|  |TAMS 0x000000078a400000, 0x000000078a400000| Untracked 
|1087|0x000000078a600000, 0x000000078a800000, 0x000000078a800000|100%| O|  |TAMS 0x000000078a600000, 0x000000078a600000| Untracked 
|1088|0x000000078a800000, 0x000000078aa00000, 0x000000078aa00000|100%| O|  |TAMS 0x000000078a800000, 0x000000078a800000| Untracked 
|1089|0x000000078aa00000, 0x000000078ac00000, 0x000000078ac00000|100%| O|  |TAMS 0x000000078aa00000, 0x000000078aa00000| Untracked 
|1090|0x000000078ac00000, 0x000000078ae00000, 0x000000078ae00000|100%| O|  |TAMS 0x000000078ac00000, 0x000000078ac00000| Untracked 
|1091|0x000000078ae00000, 0x000000078b000000, 0x000000078b000000|100%| O|  |TAMS 0x000000078ae00000, 0x000000078ae00000| Untracked 
|1092|0x000000078b000000, 0x000000078b200000, 0x000000078b200000|100%| O|  |TAMS 0x000000078b000000, 0x000000078b000000| Untracked 
|1093|0x000000078b200000, 0x000000078b400000, 0x000000078b400000|100%| O|  |TAMS 0x000000078b200000, 0x000000078b200000| Untracked 
|1094|0x000000078b400000, 0x000000078b600000, 0x000000078b600000|100%| O|  |TAMS 0x000000078b400000, 0x000000078b400000| Untracked 
|1095|0x000000078b600000, 0x000000078b800000, 0x000000078b800000|100%| O|  |TAMS 0x000000078b600000, 0x000000078b600000| Untracked 
|1096|0x000000078b800000, 0x000000078ba00000, 0x000000078ba00000|100%| O|  |TAMS 0x000000078b800000, 0x000000078b800000| Untracked 
|1097|0x000000078ba00000, 0x000000078bc00000, 0x000000078bc00000|100%| O|  |TAMS 0x000000078ba00000, 0x000000078ba00000| Untracked 
|1098|0x000000078bc00000, 0x000000078be00000, 0x000000078be00000|100%| O|  |TAMS 0x000000078bc00000, 0x000000078bc00000| Untracked 
|1099|0x000000078be00000, 0x000000078c000000, 0x000000078c000000|100%| O|  |TAMS 0x000000078be00000, 0x000000078be00000| Untracked 
|1100|0x000000078c000000, 0x000000078c200000, 0x000000078c200000|100%| O|  |TAMS 0x000000078c000000, 0x000000078c000000| Untracked 
|1101|0x000000078c200000, 0x000000078c400000, 0x000000078c400000|100%| O|  |TAMS 0x000000078c200000, 0x000000078c200000| Untracked 
|1102|0x000000078c400000, 0x000000078c600000, 0x000000078c600000|100%| O|  |TAMS 0x000000078c400000, 0x000000078c400000| Untracked 
|1103|0x000000078c600000, 0x000000078c800000, 0x000000078c800000|100%| O|  |TAMS 0x000000078c600000, 0x000000078c600000| Untracked 
|1104|0x000000078c800000, 0x000000078ca00000, 0x000000078ca00000|100%| O|  |TAMS 0x000000078c800000, 0x000000078c800000| Untracked 
|1105|0x000000078ca00000, 0x000000078cc00000, 0x000000078cc00000|100%| O|  |TAMS 0x000000078ca00000, 0x000000078ca00000| Untracked 
|1106|0x000000078cc00000, 0x000000078ce00000, 0x000000078ce00000|100%| O|  |TAMS 0x000000078cc00000, 0x000000078cc00000| Untracked 
|1107|0x000000078ce00000, 0x000000078d000000, 0x000000078d000000|100%| O|  |TAMS 0x000000078ce00000, 0x000000078ce00000| Untracked 
|1108|0x000000078d000000, 0x000000078d200000, 0x000000078d200000|100%| O|  |TAMS 0x000000078d000000, 0x000000078d000000| Untracked 
|1109|0x000000078d200000, 0x000000078d400000, 0x000000078d400000|100%| O|  |TAMS 0x000000078d200000, 0x000000078d200000| Untracked 
|1110|0x000000078d400000, 0x000000078d600000, 0x000000078d600000|100%| O|  |TAMS 0x000000078d400000, 0x000000078d400000| Untracked 
|1111|0x000000078d600000, 0x000000078d800000, 0x000000078d800000|100%| O|  |TAMS 0x000000078d600000, 0x000000078d600000| Untracked 
|1112|0x000000078d800000, 0x000000078da00000, 0x000000078da00000|100%| O|  |TAMS 0x000000078d800000, 0x000000078d800000| Untracked 
|1113|0x000000078da00000, 0x000000078dc00000, 0x000000078dc00000|100%| O|  |TAMS 0x000000078da00000, 0x000000078da00000| Untracked 
|1114|0x000000078dc00000, 0x000000078de00000, 0x000000078de00000|100%| O|  |TAMS 0x000000078dc00000, 0x000000078dc00000| Untracked 
|1115|0x000000078de00000, 0x000000078e000000, 0x000000078e000000|100%| O|  |TAMS 0x000000078de00000, 0x000000078de00000| Untracked 
|1116|0x000000078e000000, 0x000000078e200000, 0x000000078e200000|100%| O|  |TAMS 0x000000078e000000, 0x000000078e000000| Untracked 
|1117|0x000000078e200000, 0x000000078e400000, 0x000000078e400000|100%| O|  |TAMS 0x000000078e200000, 0x000000078e200000| Untracked 
|1118|0x000000078e400000, 0x000000078e400000, 0x000000078e600000|  0%| F|  |TAMS 0x000000078e400000, 0x000000078e400000| Untracked 
|1119|0x000000078e600000, 0x000000078e600000, 0x000000078e800000|  0%| F|  |TAMS 0x000000078e600000, 0x000000078e600000| Untracked 
|1120|0x000000078e800000, 0x000000078e800000, 0x000000078ea00000|  0%| F|  |TAMS 0x000000078e800000, 0x000000078e800000| Untracked 
|1121|0x000000078ea00000, 0x000000078ea00000, 0x000000078ec00000|  0%| F|  |TAMS 0x000000078ea00000, 0x000000078ea00000| Untracked 
|1122|0x000000078ec00000, 0x000000078ec00000, 0x000000078ee00000|  0%| F|  |TAMS 0x000000078ec00000, 0x000000078ec00000| Untracked 
|1123|0x000000078ee00000, 0x000000078ee00000, 0x000000078f000000|  0%| F|  |TAMS 0x000000078ee00000, 0x000000078ee00000| Untracked 
|1124|0x000000078f000000, 0x000000078f000000, 0x000000078f200000|  0%| F|  |TAMS 0x000000078f000000, 0x000000078f000000| Untracked 
|1125|0x000000078f200000, 0x000000078f200000, 0x000000078f400000|  0%| F|  |TAMS 0x000000078f200000, 0x000000078f200000| Untracked 
|1126|0x000000078f400000, 0x000000078f400000, 0x000000078f600000|  0%| F|  |TAMS 0x000000078f400000, 0x000000078f400000| Untracked 
|1127|0x000000078f600000, 0x000000078f600000, 0x000000078f800000|  0%| F|  |TAMS 0x000000078f600000, 0x000000078f600000| Untracked 
|1128|0x000000078f800000, 0x000000078f800000, 0x000000078fa00000|  0%| F|  |TAMS 0x000000078f800000, 0x000000078f800000| Untracked 
|1129|0x000000078fa00000, 0x000000078fa00000, 0x000000078fc00000|  0%| F|  |TAMS 0x000000078fa00000, 0x000000078fa00000| Untracked 
|1130|0x000000078fc00000, 0x000000078fc00000, 0x000000078fe00000|  0%| F|  |TAMS 0x000000078fc00000, 0x000000078fc00000| Untracked 
|1131|0x000000078fe00000, 0x000000078fe00000, 0x0000000790000000|  0%| F|  |TAMS 0x000000078fe00000, 0x000000078fe00000| Untracked 
|1132|0x0000000790000000, 0x0000000790000000, 0x0000000790200000|  0%| F|  |TAMS 0x0000000790000000, 0x0000000790000000| Untracked 
|1133|0x0000000790200000, 0x0000000790200000, 0x0000000790400000|  0%| F|  |TAMS 0x0000000790200000, 0x0000000790200000| Untracked 
|1134|0x0000000790400000, 0x0000000790400000, 0x0000000790600000|  0%| F|  |TAMS 0x0000000790400000, 0x0000000790400000| Untracked 
|1135|0x0000000790600000, 0x0000000790600000, 0x0000000790800000|  0%| F|  |TAMS 0x0000000790600000, 0x0000000790600000| Untracked 
|1136|0x0000000790800000, 0x0000000790800000, 0x0000000790a00000|  0%| F|  |TAMS 0x0000000790800000, 0x0000000790800000| Untracked 
|1137|0x0000000790a00000, 0x0000000790a00000, 0x0000000790c00000|  0%| F|  |TAMS 0x0000000790a00000, 0x0000000790a00000| Untracked 
|1138|0x0000000790c00000, 0x0000000790c00000, 0x0000000790e00000|  0%| F|  |TAMS 0x0000000790c00000, 0x0000000790c00000| Untracked 
|1139|0x0000000790e00000, 0x0000000790e00000, 0x0000000791000000|  0%| F|  |TAMS 0x0000000790e00000, 0x0000000790e00000| Untracked 
|1140|0x0000000791000000, 0x0000000791000000, 0x0000000791200000|  0%| F|  |TAMS 0x0000000791000000, 0x0000000791000000| Untracked 
|1141|0x0000000791200000, 0x0000000791200000, 0x0000000791400000|  0%| F|  |TAMS 0x0000000791200000, 0x0000000791200000| Untracked 
|1142|0x0000000791400000, 0x0000000791400000, 0x0000000791600000|  0%| F|  |TAMS 0x0000000791400000, 0x0000000791400000| Untracked 
|1143|0x0000000791600000, 0x0000000791600000, 0x0000000791800000|  0%| F|  |TAMS 0x0000000791600000, 0x0000000791600000| Untracked 
|1144|0x0000000791800000, 0x0000000791800000, 0x0000000791a00000|  0%| F|  |TAMS 0x0000000791800000, 0x0000000791800000| Untracked 
|1145|0x0000000791a00000, 0x0000000791a00000, 0x0000000791c00000|  0%| F|  |TAMS 0x0000000791a00000, 0x0000000791a00000| Untracked 
|1146|0x0000000791c00000, 0x0000000791c00000, 0x0000000791e00000|  0%| F|  |TAMS 0x0000000791c00000, 0x0000000791c00000| Untracked 
|1147|0x0000000791e00000, 0x0000000791e00000, 0x0000000792000000|  0%| F|  |TAMS 0x0000000791e00000, 0x0000000791e00000| Untracked 
|1148|0x0000000792000000, 0x0000000792000000, 0x0000000792200000|  0%| F|  |TAMS 0x0000000792000000, 0x0000000792000000| Untracked 
|1149|0x0000000792200000, 0x0000000792200000, 0x0000000792400000|  0%| F|  |TAMS 0x0000000792200000, 0x0000000792200000| Untracked 
|1150|0x0000000792400000, 0x0000000792400000, 0x0000000792600000|  0%| F|  |TAMS 0x0000000792400000, 0x0000000792400000| Untracked 
|1151|0x0000000792600000, 0x0000000792600000, 0x0000000792800000|  0%| F|  |TAMS 0x0000000792600000, 0x0000000792600000| Untracked 
|1152|0x0000000792800000, 0x0000000792800000, 0x0000000792a00000|  0%| F|  |TAMS 0x0000000792800000, 0x0000000792800000| Untracked 
|1153|0x0000000792a00000, 0x0000000792a00000, 0x0000000792c00000|  0%| F|  |TAMS 0x0000000792a00000, 0x0000000792a00000| Untracked 
|1154|0x0000000792c00000, 0x0000000792c00000, 0x0000000792e00000|  0%| F|  |TAMS 0x0000000792c00000, 0x0000000792c00000| Untracked 
|1155|0x0000000792e00000, 0x0000000792e00000, 0x0000000793000000|  0%| F|  |TAMS 0x0000000792e00000, 0x0000000792e00000| Untracked 
|1156|0x0000000793000000, 0x0000000793000000, 0x0000000793200000|  0%| F|  |TAMS 0x0000000793000000, 0x0000000793000000| Untracked 
|1157|0x0000000793200000, 0x0000000793200000, 0x0000000793400000|  0%| F|  |TAMS 0x0000000793200000, 0x0000000793200000| Untracked 
|1158|0x0000000793400000, 0x0000000793400000, 0x0000000793600000|  0%| F|  |TAMS 0x0000000793400000, 0x0000000793400000| Untracked 
|1159|0x0000000793600000, 0x0000000793600000, 0x0000000793800000|  0%| F|  |TAMS 0x0000000793600000, 0x0000000793600000| Untracked 
|1160|0x0000000793800000, 0x0000000793800000, 0x0000000793a00000|  0%| F|  |TAMS 0x0000000793800000, 0x0000000793800000| Untracked 
|1161|0x0000000793a00000, 0x0000000793a00000, 0x0000000793c00000|  0%| F|  |TAMS 0x0000000793a00000, 0x0000000793a00000| Untracked 
|1162|0x0000000793c00000, 0x0000000793c00000, 0x0000000793e00000|  0%| F|  |TAMS 0x0000000793c00000, 0x0000000793c00000| Untracked 
|1163|0x0000000793e00000, 0x0000000793e00000, 0x0000000794000000|  0%| F|  |TAMS 0x0000000793e00000, 0x0000000793e00000| Untracked 
|1164|0x0000000794000000, 0x0000000794000000, 0x0000000794200000|  0%| F|  |TAMS 0x0000000794000000, 0x0000000794000000| Untracked 
|1165|0x0000000794200000, 0x0000000794200000, 0x0000000794400000|  0%| F|  |TAMS 0x0000000794200000, 0x0000000794200000| Untracked 
|1166|0x0000000794400000, 0x0000000794400000, 0x0000000794600000|  0%| F|  |TAMS 0x0000000794400000, 0x0000000794400000| Untracked 
|1167|0x0000000794600000, 0x0000000794600000, 0x0000000794800000|  0%| F|  |TAMS 0x0000000794600000, 0x0000000794600000| Untracked 
|1168|0x0000000794800000, 0x0000000794800000, 0x0000000794a00000|  0%| F|  |TAMS 0x0000000794800000, 0x0000000794800000| Untracked 
|1169|0x0000000794a00000, 0x0000000794a00000, 0x0000000794c00000|  0%| F|  |TAMS 0x0000000794a00000, 0x0000000794a00000| Untracked 
|1170|0x0000000794c00000, 0x0000000794c00000, 0x0000000794e00000|  0%| F|  |TAMS 0x0000000794c00000, 0x0000000794c00000| Untracked 
|1171|0x0000000794e00000, 0x0000000794e00000, 0x0000000795000000|  0%| F|  |TAMS 0x0000000794e00000, 0x0000000794e00000| Untracked 
|1172|0x0000000795000000, 0x0000000795000000, 0x0000000795200000|  0%| F|  |TAMS 0x0000000795000000, 0x0000000795000000| Untracked 
|1173|0x0000000795200000, 0x0000000795200000, 0x0000000795400000|  0%| F|  |TAMS 0x0000000795200000, 0x0000000795200000| Untracked 
|1174|0x0000000795400000, 0x0000000795400000, 0x0000000795600000|  0%| F|  |TAMS 0x0000000795400000, 0x0000000795400000| Untracked 
|1175|0x0000000795600000, 0x0000000795600000, 0x0000000795800000|  0%| F|  |TAMS 0x0000000795600000, 0x0000000795600000| Untracked 
|1176|0x0000000795800000, 0x0000000795800000, 0x0000000795a00000|  0%| F|  |TAMS 0x0000000795800000, 0x0000000795800000| Untracked 
|1177|0x0000000795a00000, 0x0000000795a00000, 0x0000000795c00000|  0%| F|  |TAMS 0x0000000795a00000, 0x0000000795a00000| Untracked 
|1178|0x0000000795c00000, 0x0000000795c00000, 0x0000000795e00000|  0%| F|  |TAMS 0x0000000795c00000, 0x0000000795c00000| Untracked 
|1179|0x0000000795e00000, 0x0000000795e00000, 0x0000000796000000|  0%| F|  |TAMS 0x0000000795e00000, 0x0000000795e00000| Untracked 
|1180|0x0000000796000000, 0x0000000796000000, 0x0000000796200000|  0%| F|  |TAMS 0x0000000796000000, 0x0000000796000000| Untracked 
|1181|0x0000000796200000, 0x0000000796200000, 0x0000000796400000|  0%| F|  |TAMS 0x0000000796200000, 0x0000000796200000| Untracked 
|1182|0x0000000796400000, 0x0000000796400000, 0x0000000796600000|  0%| F|  |TAMS 0x0000000796400000, 0x0000000796400000| Untracked 
|1183|0x0000000796600000, 0x0000000796600000, 0x0000000796800000|  0%| F|  |TAMS 0x0000000796600000, 0x0000000796600000| Untracked 
|1184|0x0000000796800000, 0x0000000796800000, 0x0000000796a00000|  0%| F|  |TAMS 0x0000000796800000, 0x0000000796800000| Untracked 
|1185|0x0000000796a00000, 0x0000000796a00000, 0x0000000796c00000|  0%| F|  |TAMS 0x0000000796a00000, 0x0000000796a00000| Untracked 
|1186|0x0000000796c00000, 0x0000000796c00000, 0x0000000796e00000|  0%| F|  |TAMS 0x0000000796c00000, 0x0000000796c00000| Untracked 
|1187|0x0000000796e00000, 0x0000000796e00000, 0x0000000797000000|  0%| F|  |TAMS 0x0000000796e00000, 0x0000000796e00000| Untracked 
|1188|0x0000000797000000, 0x0000000797000000, 0x0000000797200000|  0%| F|  |TAMS 0x0000000797000000, 0x0000000797000000| Untracked 
|1189|0x0000000797200000, 0x0000000797200000, 0x0000000797400000|  0%| F|  |TAMS 0x0000000797200000, 0x0000000797200000| Untracked 
|1190|0x0000000797400000, 0x0000000797400000, 0x0000000797600000|  0%| F|  |TAMS 0x0000000797400000, 0x0000000797400000| Untracked 
|1191|0x0000000797600000, 0x0000000797600000, 0x0000000797800000|  0%| F|  |TAMS 0x0000000797600000, 0x0000000797600000| Untracked 
|1192|0x0000000797800000, 0x0000000797800000, 0x0000000797a00000|  0%| F|  |TAMS 0x0000000797800000, 0x0000000797800000| Untracked 
|1193|0x0000000797a00000, 0x0000000797a00000, 0x0000000797c00000|  0%| F|  |TAMS 0x0000000797a00000, 0x0000000797a00000| Untracked 
|1194|0x0000000797c00000, 0x0000000797c00000, 0x0000000797e00000|  0%| F|  |TAMS 0x0000000797c00000, 0x0000000797c00000| Untracked 
|1195|0x0000000797e00000, 0x0000000797e00000, 0x0000000798000000|  0%| F|  |TAMS 0x0000000797e00000, 0x0000000797e00000| Untracked 
|1196|0x0000000798000000, 0x0000000798000000, 0x0000000798200000|  0%| F|  |TAMS 0x0000000798000000, 0x0000000798000000| Untracked 
|1197|0x0000000798200000, 0x0000000798200000, 0x0000000798400000|  0%| F|  |TAMS 0x0000000798200000, 0x0000000798200000| Untracked 
|1198|0x0000000798400000, 0x0000000798400000, 0x0000000798600000|  0%| F|  |TAMS 0x0000000798400000, 0x0000000798400000| Untracked 
|1199|0x0000000798600000, 0x0000000798600000, 0x0000000798800000|  0%| F|  |TAMS 0x0000000798600000, 0x0000000798600000| Untracked 
|1200|0x0000000798800000, 0x0000000798800000, 0x0000000798a00000|  0%| F|  |TAMS 0x0000000798800000, 0x0000000798800000| Untracked 
|1201|0x0000000798a00000, 0x0000000798a00000, 0x0000000798c00000|  0%| F|  |TAMS 0x0000000798a00000, 0x0000000798a00000| Untracked 
|1202|0x0000000798c00000, 0x0000000798c00000, 0x0000000798e00000|  0%| F|  |TAMS 0x0000000798c00000, 0x0000000798c00000| Untracked 
|1203|0x0000000798e00000, 0x0000000798e00000, 0x0000000799000000|  0%| F|  |TAMS 0x0000000798e00000, 0x0000000798e00000| Untracked 
|1204|0x0000000799000000, 0x0000000799000000, 0x0000000799200000|  0%| F|  |TAMS 0x0000000799000000, 0x0000000799000000| Untracked 
|1205|0x0000000799200000, 0x0000000799200000, 0x0000000799400000|  0%| F|  |TAMS 0x0000000799200000, 0x0000000799200000| Untracked 
|1206|0x0000000799400000, 0x0000000799400000, 0x0000000799600000|  0%| F|  |TAMS 0x0000000799400000, 0x0000000799400000| Untracked 
|1207|0x0000000799600000, 0x0000000799600000, 0x0000000799800000|  0%| F|  |TAMS 0x0000000799600000, 0x0000000799600000| Untracked 
|1208|0x0000000799800000, 0x0000000799800000, 0x0000000799a00000|  0%| F|  |TAMS 0x0000000799800000, 0x0000000799800000| Untracked 
|1209|0x0000000799a00000, 0x0000000799a00000, 0x0000000799c00000|  0%| F|  |TAMS 0x0000000799a00000, 0x0000000799a00000| Untracked 
|1210|0x0000000799c00000, 0x0000000799c00000, 0x0000000799e00000|  0%| F|  |TAMS 0x0000000799c00000, 0x0000000799c00000| Untracked 
|1211|0x0000000799e00000, 0x0000000799e00000, 0x000000079a000000|  0%| F|  |TAMS 0x0000000799e00000, 0x0000000799e00000| Untracked 
|1212|0x000000079a000000, 0x000000079a000000, 0x000000079a200000|  0%| F|  |TAMS 0x000000079a000000, 0x000000079a000000| Untracked 
|1213|0x000000079a200000, 0x000000079a200000, 0x000000079a400000|  0%| F|  |TAMS 0x000000079a200000, 0x000000079a200000| Untracked 
|1214|0x000000079a400000, 0x000000079a400000, 0x000000079a600000|  0%| F|  |TAMS 0x000000079a400000, 0x000000079a400000| Untracked 
|1215|0x000000079a600000, 0x000000079a600000, 0x000000079a800000|  0%| F|  |TAMS 0x000000079a600000, 0x000000079a600000| Untracked 
|1216|0x000000079a800000, 0x000000079a800000, 0x000000079aa00000|  0%| F|  |TAMS 0x000000079a800000, 0x000000079a800000| Untracked 
|1217|0x000000079aa00000, 0x000000079aa00000, 0x000000079ac00000|  0%| F|  |TAMS 0x000000079aa00000, 0x000000079aa00000| Untracked 
|1218|0x000000079ac00000, 0x000000079ac00000, 0x000000079ae00000|  0%| F|  |TAMS 0x000000079ac00000, 0x000000079ac00000| Untracked 
|1219|0x000000079ae00000, 0x000000079ae00000, 0x000000079b000000|  0%| F|  |TAMS 0x000000079ae00000, 0x000000079ae00000| Untracked 
|1220|0x000000079b000000, 0x000000079b000000, 0x000000079b200000|  0%| F|  |TAMS 0x000000079b000000, 0x000000079b000000| Untracked 
|1221|0x000000079b200000, 0x000000079b200000, 0x000000079b400000|  0%| F|  |TAMS 0x000000079b200000, 0x000000079b200000| Untracked 
|1222|0x000000079b400000, 0x000000079b400000, 0x000000079b600000|  0%| F|  |TAMS 0x000000079b400000, 0x000000079b400000| Untracked 
|1223|0x000000079b600000, 0x000000079b600000, 0x000000079b800000|  0%| F|  |TAMS 0x000000079b600000, 0x000000079b600000| Untracked 
|1224|0x000000079b800000, 0x000000079b800000, 0x000000079ba00000|  0%| F|  |TAMS 0x000000079b800000, 0x000000079b800000| Untracked 
|1225|0x000000079ba00000, 0x000000079ba00000, 0x000000079bc00000|  0%| F|  |TAMS 0x000000079ba00000, 0x000000079ba00000| Untracked 
|1226|0x000000079bc00000, 0x000000079bc00000, 0x000000079be00000|  0%| F|  |TAMS 0x000000079bc00000, 0x000000079bc00000| Untracked 
|1227|0x000000079be00000, 0x000000079be00000, 0x000000079c000000|  0%| F|  |TAMS 0x000000079be00000, 0x000000079be00000| Untracked 
|1228|0x000000079c000000, 0x000000079c000000, 0x000000079c200000|  0%| F|  |TAMS 0x000000079c000000, 0x000000079c000000| Untracked 
|1229|0x000000079c200000, 0x000000079c200000, 0x000000079c400000|  0%| F|  |TAMS 0x000000079c200000, 0x000000079c200000| Untracked 
|1230|0x000000079c400000, 0x000000079c400000, 0x000000079c600000|  0%| F|  |TAMS 0x000000079c400000, 0x000000079c400000| Untracked 
|1231|0x000000079c600000, 0x000000079c600000, 0x000000079c800000|  0%| F|  |TAMS 0x000000079c600000, 0x000000079c600000| Untracked 
|1232|0x000000079c800000, 0x000000079c800000, 0x000000079ca00000|  0%| F|  |TAMS 0x000000079c800000, 0x000000079c800000| Untracked 
|1233|0x000000079ca00000, 0x000000079ca00000, 0x000000079cc00000|  0%| F|  |TAMS 0x000000079ca00000, 0x000000079ca00000| Untracked 
|1234|0x000000079cc00000, 0x000000079cc00000, 0x000000079ce00000|  0%| F|  |TAMS 0x000000079cc00000, 0x000000079cc00000| Untracked 
|1235|0x000000079ce00000, 0x000000079ce00000, 0x000000079d000000|  0%| F|  |TAMS 0x000000079ce00000, 0x000000079ce00000| Untracked 
|1236|0x000000079d000000, 0x000000079d000000, 0x000000079d200000|  0%| F|  |TAMS 0x000000079d000000, 0x000000079d000000| Untracked 
|1237|0x000000079d200000, 0x000000079d200000, 0x000000079d400000|  0%| F|  |TAMS 0x000000079d200000, 0x000000079d200000| Untracked 
|1238|0x000000079d400000, 0x000000079d400000, 0x000000079d600000|  0%| F|  |TAMS 0x000000079d400000, 0x000000079d400000| Untracked 
|1239|0x000000079d600000, 0x000000079d600000, 0x000000079d800000|  0%| F|  |TAMS 0x000000079d600000, 0x000000079d600000| Untracked 
|1240|0x000000079d800000, 0x000000079d800000, 0x000000079da00000|  0%| F|  |TAMS 0x000000079d800000, 0x000000079d800000| Untracked 
|1241|0x000000079da00000, 0x000000079da00000, 0x000000079dc00000|  0%| F|  |TAMS 0x000000079da00000, 0x000000079da00000| Untracked 
|1242|0x000000079dc00000, 0x000000079dc00000, 0x000000079de00000|  0%| F|  |TAMS 0x000000079dc00000, 0x000000079dc00000| Untracked 
|1243|0x000000079de00000, 0x000000079de00000, 0x000000079e000000|  0%| F|  |TAMS 0x000000079de00000, 0x000000079de00000| Untracked 
|1244|0x000000079e000000, 0x000000079e000000, 0x000000079e200000|  0%| F|  |TAMS 0x000000079e000000, 0x000000079e000000| Untracked 
|1245|0x000000079e200000, 0x000000079e200000, 0x000000079e400000|  0%| F|  |TAMS 0x000000079e200000, 0x000000079e200000| Untracked 
|1246|0x000000079e400000, 0x000000079e400000, 0x000000079e600000|  0%| F|  |TAMS 0x000000079e400000, 0x000000079e400000| Untracked 
|1247|0x000000079e600000, 0x000000079e600000, 0x000000079e800000|  0%| F|  |TAMS 0x000000079e600000, 0x000000079e600000| Untracked 
|1248|0x000000079e800000, 0x000000079e800000, 0x000000079ea00000|  0%| F|  |TAMS 0x000000079e800000, 0x000000079e800000| Untracked 
|1249|0x000000079ea00000, 0x000000079ea00000, 0x000000079ec00000|  0%| F|  |TAMS 0x000000079ea00000, 0x000000079ea00000| Untracked 
|1250|0x000000079ec00000, 0x000000079ec00000, 0x000000079ee00000|  0%| F|  |TAMS 0x000000079ec00000, 0x000000079ec00000| Untracked 
|1251|0x000000079ee00000, 0x000000079ee00000, 0x000000079f000000|  0%| F|  |TAMS 0x000000079ee00000, 0x000000079ee00000| Untracked 
|1252|0x000000079f000000, 0x000000079f000000, 0x000000079f200000|  0%| F|  |TAMS 0x000000079f000000, 0x000000079f000000| Untracked 
|1253|0x000000079f200000, 0x000000079f200000, 0x000000079f400000|  0%| F|  |TAMS 0x000000079f200000, 0x000000079f200000| Untracked 
|1254|0x000000079f400000, 0x000000079f400000, 0x000000079f600000|  0%| F|  |TAMS 0x000000079f400000, 0x000000079f400000| Untracked 
|1255|0x000000079f600000, 0x000000079f600000, 0x000000079f800000|  0%| F|  |TAMS 0x000000079f600000, 0x000000079f600000| Untracked 
|1256|0x000000079f800000, 0x000000079f800000, 0x000000079fa00000|  0%| F|  |TAMS 0x000000079f800000, 0x000000079f800000| Untracked 
|1257|0x000000079fa00000, 0x000000079fa00000, 0x000000079fc00000|  0%| F|  |TAMS 0x000000079fa00000, 0x000000079fa00000| Untracked 
|1258|0x000000079fc00000, 0x000000079fc00000, 0x000000079fe00000|  0%| F|  |TAMS 0x000000079fc00000, 0x000000079fc00000| Untracked 
|1259|0x000000079fe00000, 0x000000079fe00000, 0x00000007a0000000|  0%| F|  |TAMS 0x000000079fe00000, 0x000000079fe00000| Untracked 
|1260|0x00000007a0000000, 0x00000007a0000000, 0x00000007a0200000|  0%| F|  |TAMS 0x00000007a0000000, 0x00000007a0000000| Untracked 
|1261|0x00000007a0200000, 0x00000007a0200000, 0x00000007a0400000|  0%| F|  |TAMS 0x00000007a0200000, 0x00000007a0200000| Untracked 
|1262|0x00000007a0400000, 0x00000007a0400000, 0x00000007a0600000|  0%| F|  |TAMS 0x00000007a0400000, 0x00000007a0400000| Untracked 
|1263|0x00000007a0600000, 0x00000007a0600000, 0x00000007a0800000|  0%| F|  |TAMS 0x00000007a0600000, 0x00000007a0600000| Untracked 
|1264|0x00000007a0800000, 0x00000007a0800000, 0x00000007a0a00000|  0%| F|  |TAMS 0x00000007a0800000, 0x00000007a0800000| Untracked 
|1265|0x00000007a0a00000, 0x00000007a0a00000, 0x00000007a0c00000|  0%| F|  |TAMS 0x00000007a0a00000, 0x00000007a0a00000| Untracked 
|1266|0x00000007a0c00000, 0x00000007a0c00000, 0x00000007a0e00000|  0%| F|  |TAMS 0x00000007a0c00000, 0x00000007a0c00000| Untracked 
|1267|0x00000007a0e00000, 0x00000007a0e00000, 0x00000007a1000000|  0%| F|  |TAMS 0x00000007a0e00000, 0x00000007a0e00000| Untracked 
|1268|0x00000007a1000000, 0x00000007a1000000, 0x00000007a1200000|  0%| F|  |TAMS 0x00000007a1000000, 0x00000007a1000000| Untracked 
|1269|0x00000007a1200000, 0x00000007a1200000, 0x00000007a1400000|  0%| F|  |TAMS 0x00000007a1200000, 0x00000007a1200000| Untracked 
|1270|0x00000007a1400000, 0x00000007a1400000, 0x00000007a1600000|  0%| F|  |TAMS 0x00000007a1400000, 0x00000007a1400000| Untracked 
|1271|0x00000007a1600000, 0x00000007a1600000, 0x00000007a1800000|  0%| F|  |TAMS 0x00000007a1600000, 0x00000007a1600000| Untracked 
|1272|0x00000007a1800000, 0x00000007a1800000, 0x00000007a1a00000|  0%| F|  |TAMS 0x00000007a1800000, 0x00000007a1800000| Untracked 
|1273|0x00000007a1a00000, 0x00000007a1a00000, 0x00000007a1c00000|  0%| F|  |TAMS 0x00000007a1a00000, 0x00000007a1a00000| Untracked 
|1274|0x00000007a1c00000, 0x00000007a1c00000, 0x00000007a1e00000|  0%| F|  |TAMS 0x00000007a1c00000, 0x00000007a1c00000| Untracked 
|1275|0x00000007a1e00000, 0x00000007a1e00000, 0x00000007a2000000|  0%| F|  |TAMS 0x00000007a1e00000, 0x00000007a1e00000| Untracked 
|1276|0x00000007a2000000, 0x00000007a2000000, 0x00000007a2200000|  0%| F|  |TAMS 0x00000007a2000000, 0x00000007a2000000| Untracked 
|1277|0x00000007a2200000, 0x00000007a2200000, 0x00000007a2400000|  0%| F|  |TAMS 0x00000007a2200000, 0x00000007a2200000| Untracked 
|1278|0x00000007a2400000, 0x00000007a2400000, 0x00000007a2600000|  0%| F|  |TAMS 0x00000007a2400000, 0x00000007a2400000| Untracked 
|1279|0x00000007a2600000, 0x00000007a2600000, 0x00000007a2800000|  0%| F|  |TAMS 0x00000007a2600000, 0x00000007a2600000| Untracked 
|1280|0x00000007a2800000, 0x00000007a2800000, 0x00000007a2a00000|  0%| F|  |TAMS 0x00000007a2800000, 0x00000007a2800000| Untracked 
|1281|0x00000007a2a00000, 0x00000007a2a00000, 0x00000007a2c00000|  0%| F|  |TAMS 0x00000007a2a00000, 0x00000007a2a00000| Untracked 
|1282|0x00000007a2c00000, 0x00000007a2c00000, 0x00000007a2e00000|  0%| F|  |TAMS 0x00000007a2c00000, 0x00000007a2c00000| Untracked 
|1283|0x00000007a2e00000, 0x00000007a2e00000, 0x00000007a3000000|  0%| F|  |TAMS 0x00000007a2e00000, 0x00000007a2e00000| Untracked 
|1284|0x00000007a3000000, 0x00000007a3000000, 0x00000007a3200000|  0%| F|  |TAMS 0x00000007a3000000, 0x00000007a3000000| Untracked 
|1285|0x00000007a3200000, 0x00000007a3200000, 0x00000007a3400000|  0%| F|  |TAMS 0x00000007a3200000, 0x00000007a3200000| Untracked 
|1286|0x00000007a3400000, 0x00000007a3400000, 0x00000007a3600000|  0%| F|  |TAMS 0x00000007a3400000, 0x00000007a3400000| Untracked 
|1287|0x00000007a3600000, 0x00000007a3600000, 0x00000007a3800000|  0%| F|  |TAMS 0x00000007a3600000, 0x00000007a3600000| Untracked 
|1288|0x00000007a3800000, 0x00000007a3800000, 0x00000007a3a00000|  0%| F|  |TAMS 0x00000007a3800000, 0x00000007a3800000| Untracked 
|1289|0x00000007a3a00000, 0x00000007a3a00000, 0x00000007a3c00000|  0%| F|  |TAMS 0x00000007a3a00000, 0x00000007a3a00000| Untracked 
|1290|0x00000007a3c00000, 0x00000007a3c00000, 0x00000007a3e00000|  0%| F|  |TAMS 0x00000007a3c00000, 0x00000007a3c00000| Untracked 
|1291|0x00000007a3e00000, 0x00000007a3e00000, 0x00000007a4000000|  0%| F|  |TAMS 0x00000007a3e00000, 0x00000007a3e00000| Untracked 
|1292|0x00000007a4000000, 0x00000007a4000000, 0x00000007a4200000|  0%| F|  |TAMS 0x00000007a4000000, 0x00000007a4000000| Untracked 
|1293|0x00000007a4200000, 0x00000007a4200000, 0x00000007a4400000|  0%| F|  |TAMS 0x00000007a4200000, 0x00000007a4200000| Untracked 
|1294|0x00000007a4400000, 0x00000007a4400000, 0x00000007a4600000|  0%| F|  |TAMS 0x00000007a4400000, 0x00000007a4400000| Untracked 
|1295|0x00000007a4600000, 0x00000007a4600000, 0x00000007a4800000|  0%| F|  |TAMS 0x00000007a4600000, 0x00000007a4600000| Untracked 
|1296|0x00000007a4800000, 0x00000007a4800000, 0x00000007a4a00000|  0%| F|  |TAMS 0x00000007a4800000, 0x00000007a4800000| Untracked 
|1297|0x00000007a4a00000, 0x00000007a4a00000, 0x00000007a4c00000|  0%| F|  |TAMS 0x00000007a4a00000, 0x00000007a4a00000| Untracked 
|1298|0x00000007a4c00000, 0x00000007a4c00000, 0x00000007a4e00000|  0%| F|  |TAMS 0x00000007a4c00000, 0x00000007a4c00000| Untracked 
|1299|0x00000007a4e00000, 0x00000007a4e00000, 0x00000007a5000000|  0%| F|  |TAMS 0x00000007a4e00000, 0x00000007a4e00000| Untracked 
|1300|0x00000007a5000000, 0x00000007a5000000, 0x00000007a5200000|  0%| F|  |TAMS 0x00000007a5000000, 0x00000007a5000000| Untracked 
|1301|0x00000007a5200000, 0x00000007a5200000, 0x00000007a5400000|  0%| F|  |TAMS 0x00000007a5200000, 0x00000007a5200000| Untracked 
|1302|0x00000007a5400000, 0x00000007a5400000, 0x00000007a5600000|  0%| F|  |TAMS 0x00000007a5400000, 0x00000007a5400000| Untracked 
|1303|0x00000007a5600000, 0x00000007a5600000, 0x00000007a5800000|  0%| F|  |TAMS 0x00000007a5600000, 0x00000007a5600000| Untracked 
|1304|0x00000007a5800000, 0x00000007a5800000, 0x00000007a5a00000|  0%| F|  |TAMS 0x00000007a5800000, 0x00000007a5800000| Untracked 
|1305|0x00000007a5a00000, 0x00000007a5a00000, 0x00000007a5c00000|  0%| F|  |TAMS 0x00000007a5a00000, 0x00000007a5a00000| Untracked 
|1306|0x00000007a5c00000, 0x00000007a5c00000, 0x00000007a5e00000|  0%| F|  |TAMS 0x00000007a5c00000, 0x00000007a5c00000| Untracked 
|1307|0x00000007a5e00000, 0x00000007a5e00000, 0x00000007a6000000|  0%| F|  |TAMS 0x00000007a5e00000, 0x00000007a5e00000| Untracked 
|1308|0x00000007a6000000, 0x00000007a6000000, 0x00000007a6200000|  0%| F|  |TAMS 0x00000007a6000000, 0x00000007a6000000| Untracked 
|1309|0x00000007a6200000, 0x00000007a6200000, 0x00000007a6400000|  0%| F|  |TAMS 0x00000007a6200000, 0x00000007a6200000| Untracked 
|1310|0x00000007a6400000, 0x00000007a6400000, 0x00000007a6600000|  0%| F|  |TAMS 0x00000007a6400000, 0x00000007a6400000| Untracked 
|1311|0x00000007a6600000, 0x00000007a6600000, 0x00000007a6800000|  0%| F|  |TAMS 0x00000007a6600000, 0x00000007a6600000| Untracked 
|1312|0x00000007a6800000, 0x00000007a6800000, 0x00000007a6a00000|  0%| F|  |TAMS 0x00000007a6800000, 0x00000007a6800000| Untracked 
|1313|0x00000007a6a00000, 0x00000007a6a00000, 0x00000007a6c00000|  0%| F|  |TAMS 0x00000007a6a00000, 0x00000007a6a00000| Untracked 
|1314|0x00000007a6c00000, 0x00000007a6c00000, 0x00000007a6e00000|  0%| F|  |TAMS 0x00000007a6c00000, 0x00000007a6c00000| Untracked 
|1315|0x00000007a6e00000, 0x00000007a6e00000, 0x00000007a7000000|  0%| F|  |TAMS 0x00000007a6e00000, 0x00000007a6e00000| Untracked 
|1316|0x00000007a7000000, 0x00000007a7000000, 0x00000007a7200000|  0%| F|  |TAMS 0x00000007a7000000, 0x00000007a7000000| Untracked 
|1317|0x00000007a7200000, 0x00000007a7200000, 0x00000007a7400000|  0%| F|  |TAMS 0x00000007a7200000, 0x00000007a7200000| Untracked 
|1318|0x00000007a7400000, 0x00000007a7400000, 0x00000007a7600000|  0%| F|  |TAMS 0x00000007a7400000, 0x00000007a7400000| Untracked 
|1319|0x00000007a7600000, 0x00000007a7600000, 0x00000007a7800000|  0%| F|  |TAMS 0x00000007a7600000, 0x00000007a7600000| Untracked 
|1320|0x00000007a7800000, 0x00000007a7800000, 0x00000007a7a00000|  0%| F|  |TAMS 0x00000007a7800000, 0x00000007a7800000| Untracked 
|1321|0x00000007a7a00000, 0x00000007a7a00000, 0x00000007a7c00000|  0%| F|  |TAMS 0x00000007a7a00000, 0x00000007a7a00000| Untracked 
|1322|0x00000007a7c00000, 0x00000007a7c00000, 0x00000007a7e00000|  0%| F|  |TAMS 0x00000007a7c00000, 0x00000007a7c00000| Untracked 
|1323|0x00000007a7e00000, 0x00000007a7e00000, 0x00000007a8000000|  0%| F|  |TAMS 0x00000007a7e00000, 0x00000007a7e00000| Untracked 
|1324|0x00000007a8000000, 0x00000007a8000000, 0x00000007a8200000|  0%| F|  |TAMS 0x00000007a8000000, 0x00000007a8000000| Untracked 
|1325|0x00000007a8200000, 0x00000007a8200000, 0x00000007a8400000|  0%| F|  |TAMS 0x00000007a8200000, 0x00000007a8200000| Untracked 
|1326|0x00000007a8400000, 0x00000007a8400000, 0x00000007a8600000|  0%| F|  |TAMS 0x00000007a8400000, 0x00000007a8400000| Untracked 
|1327|0x00000007a8600000, 0x00000007a8600000, 0x00000007a8800000|  0%| F|  |TAMS 0x00000007a8600000, 0x00000007a8600000| Untracked 
|1328|0x00000007a8800000, 0x00000007a8800000, 0x00000007a8a00000|  0%| F|  |TAMS 0x00000007a8800000, 0x00000007a8800000| Untracked 
|1329|0x00000007a8a00000, 0x00000007a8a00000, 0x00000007a8c00000|  0%| F|  |TAMS 0x00000007a8a00000, 0x00000007a8a00000| Untracked 
|1330|0x00000007a8c00000, 0x00000007a8c00000, 0x00000007a8e00000|  0%| F|  |TAMS 0x00000007a8c00000, 0x00000007a8c00000| Untracked 
|1331|0x00000007a8e00000, 0x00000007a8e00000, 0x00000007a9000000|  0%| F|  |TAMS 0x00000007a8e00000, 0x00000007a8e00000| Untracked 
|1332|0x00000007a9000000, 0x00000007a9000000, 0x00000007a9200000|  0%| F|  |TAMS 0x00000007a9000000, 0x00000007a9000000| Untracked 
|1333|0x00000007a9200000, 0x00000007a9200000, 0x00000007a9400000|  0%| F|  |TAMS 0x00000007a9200000, 0x00000007a9200000| Untracked 
|1334|0x00000007a9400000, 0x00000007a9400000, 0x00000007a9600000|  0%| F|  |TAMS 0x00000007a9400000, 0x00000007a9400000| Untracked 
|1335|0x00000007a9600000, 0x00000007a9600000, 0x00000007a9800000|  0%| F|  |TAMS 0x00000007a9600000, 0x00000007a9600000| Untracked 
|1336|0x00000007a9800000, 0x00000007a9800000, 0x00000007a9a00000|  0%| F|  |TAMS 0x00000007a9800000, 0x00000007a9800000| Untracked 
|1337|0x00000007a9a00000, 0x00000007a9a00000, 0x00000007a9c00000|  0%| F|  |TAMS 0x00000007a9a00000, 0x00000007a9a00000| Untracked 
|1338|0x00000007a9c00000, 0x00000007a9c00000, 0x00000007a9e00000|  0%| F|  |TAMS 0x00000007a9c00000, 0x00000007a9c00000| Untracked 
|1339|0x00000007a9e00000, 0x00000007a9e00000, 0x00000007aa000000|  0%| F|  |TAMS 0x00000007a9e00000, 0x00000007a9e00000| Untracked 
|1340|0x00000007aa000000, 0x00000007aa000000, 0x00000007aa200000|  0%| F|  |TAMS 0x00000007aa000000, 0x00000007aa000000| Untracked 
|1341|0x00000007aa200000, 0x00000007aa200000, 0x00000007aa400000|  0%| F|  |TAMS 0x00000007aa200000, 0x00000007aa200000| Untracked 
|1342|0x00000007aa400000, 0x00000007aa400000, 0x00000007aa600000|  0%| F|  |TAMS 0x00000007aa400000, 0x00000007aa400000| Untracked 
|1343|0x00000007aa600000, 0x00000007aa600000, 0x00000007aa800000|  0%| F|  |TAMS 0x00000007aa600000, 0x00000007aa600000| Untracked 
|1344|0x00000007aa800000, 0x00000007aa800000, 0x00000007aaa00000|  0%| F|  |TAMS 0x00000007aa800000, 0x00000007aa800000| Untracked 
|1345|0x00000007aaa00000, 0x00000007aaa00000, 0x00000007aac00000|  0%| F|  |TAMS 0x00000007aaa00000, 0x00000007aaa00000| Untracked 
|1346|0x00000007aac00000, 0x00000007aac00000, 0x00000007aae00000|  0%| F|  |TAMS 0x00000007aac00000, 0x00000007aac00000| Untracked 
|1347|0x00000007aae00000, 0x00000007aae00000, 0x00000007ab000000|  0%| F|  |TAMS 0x00000007aae00000, 0x00000007aae00000| Untracked 
|1348|0x00000007ab000000, 0x00000007ab000000, 0x00000007ab200000|  0%| F|  |TAMS 0x00000007ab000000, 0x00000007ab000000| Untracked 
|1349|0x00000007ab200000, 0x00000007ab200000, 0x00000007ab400000|  0%| F|  |TAMS 0x00000007ab200000, 0x00000007ab200000| Untracked 
|1350|0x00000007ab400000, 0x00000007ab400000, 0x00000007ab600000|  0%| F|  |TAMS 0x00000007ab400000, 0x00000007ab400000| Untracked 
|1351|0x00000007ab600000, 0x00000007ab600000, 0x00000007ab800000|  0%| F|  |TAMS 0x00000007ab600000, 0x00000007ab600000| Untracked 
|1352|0x00000007ab800000, 0x00000007ab800000, 0x00000007aba00000|  0%| F|  |TAMS 0x00000007ab800000, 0x00000007ab800000| Untracked 
|1353|0x00000007aba00000, 0x00000007aba00000, 0x00000007abc00000|  0%| F|  |TAMS 0x00000007aba00000, 0x00000007aba00000| Untracked 
|1354|0x00000007abc00000, 0x00000007abc00000, 0x00000007abe00000|  0%| F|  |TAMS 0x00000007abc00000, 0x00000007abc00000| Untracked 
|1355|0x00000007abe00000, 0x00000007abe00000, 0x00000007ac000000|  0%| F|  |TAMS 0x00000007abe00000, 0x00000007abe00000| Untracked 
|1356|0x00000007ac000000, 0x00000007ac000000, 0x00000007ac200000|  0%| F|  |TAMS 0x00000007ac000000, 0x00000007ac000000| Untracked 
|1357|0x00000007ac200000, 0x00000007ac200000, 0x00000007ac400000|  0%| F|  |TAMS 0x00000007ac200000, 0x00000007ac200000| Untracked 
|1358|0x00000007ac400000, 0x00000007ac400000, 0x00000007ac600000|  0%| F|  |TAMS 0x00000007ac400000, 0x00000007ac400000| Untracked 
|1359|0x00000007ac600000, 0x00000007ac600000, 0x00000007ac800000|  0%| F|  |TAMS 0x00000007ac600000, 0x00000007ac600000| Untracked 
|1360|0x00000007ac800000, 0x00000007ac800000, 0x00000007aca00000|  0%| F|  |TAMS 0x00000007ac800000, 0x00000007ac800000| Untracked 
|1361|0x00000007aca00000, 0x00000007aca00000, 0x00000007acc00000|  0%| F|  |TAMS 0x00000007aca00000, 0x00000007aca00000| Untracked 
|1362|0x00000007acc00000, 0x00000007acc00000, 0x00000007ace00000|  0%| F|  |TAMS 0x00000007acc00000, 0x00000007acc00000| Untracked 
|1363|0x00000007ace00000, 0x00000007ace00000, 0x00000007ad000000|  0%| F|  |TAMS 0x00000007ace00000, 0x00000007ace00000| Untracked 
|1364|0x00000007ad000000, 0x00000007ad000000, 0x00000007ad200000|  0%| F|  |TAMS 0x00000007ad000000, 0x00000007ad000000| Untracked 
|1365|0x00000007ad200000, 0x00000007ad200000, 0x00000007ad400000|  0%| F|  |TAMS 0x00000007ad200000, 0x00000007ad200000| Untracked 
|1366|0x00000007ad400000, 0x00000007ad400000, 0x00000007ad600000|  0%| F|  |TAMS 0x00000007ad400000, 0x00000007ad400000| Untracked 
|1367|0x00000007ad600000, 0x00000007ad600000, 0x00000007ad800000|  0%| F|  |TAMS 0x00000007ad600000, 0x00000007ad600000| Untracked 
|1368|0x00000007ad800000, 0x00000007ad800000, 0x00000007ada00000|  0%| F|  |TAMS 0x00000007ad800000, 0x00000007ad800000| Untracked 
|1369|0x00000007ada00000, 0x00000007ada00000, 0x00000007adc00000|  0%| F|  |TAMS 0x00000007ada00000, 0x00000007ada00000| Untracked 
|1370|0x00000007adc00000, 0x00000007adc00000, 0x00000007ade00000|  0%| F|  |TAMS 0x00000007adc00000, 0x00000007adc00000| Untracked 
|1371|0x00000007ade00000, 0x00000007ade00000, 0x00000007ae000000|  0%| F|  |TAMS 0x00000007ade00000, 0x00000007ade00000| Untracked 
|1372|0x00000007ae000000, 0x00000007ae000000, 0x00000007ae200000|  0%| F|  |TAMS 0x00000007ae000000, 0x00000007ae000000| Untracked 
|1373|0x00000007ae200000, 0x00000007ae200000, 0x00000007ae400000|  0%| F|  |TAMS 0x00000007ae200000, 0x00000007ae200000| Untracked 
|1374|0x00000007ae400000, 0x00000007ae400000, 0x00000007ae600000|  0%| F|  |TAMS 0x00000007ae400000, 0x00000007ae400000| Untracked 
|1375|0x00000007ae600000, 0x00000007ae600000, 0x00000007ae800000|  0%| F|  |TAMS 0x00000007ae600000, 0x00000007ae600000| Untracked 
|1376|0x00000007ae800000, 0x00000007ae800000, 0x00000007aea00000|  0%| F|  |TAMS 0x00000007ae800000, 0x00000007ae800000| Untracked 
|1377|0x00000007aea00000, 0x00000007aea00000, 0x00000007aec00000|  0%| F|  |TAMS 0x00000007aea00000, 0x00000007aea00000| Untracked 
|1378|0x00000007aec00000, 0x00000007aec00000, 0x00000007aee00000|  0%| F|  |TAMS 0x00000007aec00000, 0x00000007aec00000| Untracked 
|1379|0x00000007aee00000, 0x00000007aee00000, 0x00000007af000000|  0%| F|  |TAMS 0x00000007aee00000, 0x00000007aee00000| Untracked 
|1380|0x00000007af000000, 0x00000007af000000, 0x00000007af200000|  0%| F|  |TAMS 0x00000007af000000, 0x00000007af000000| Untracked 
|1381|0x00000007af200000, 0x00000007af200000, 0x00000007af400000|  0%| F|  |TAMS 0x00000007af200000, 0x00000007af200000| Untracked 
|1382|0x00000007af400000, 0x00000007af400000, 0x00000007af600000|  0%| F|  |TAMS 0x00000007af400000, 0x00000007af400000| Untracked 
|1383|0x00000007af600000, 0x00000007af600000, 0x00000007af800000|  0%| F|  |TAMS 0x00000007af600000, 0x00000007af600000| Untracked 
|1384|0x00000007af800000, 0x00000007af800000, 0x00000007afa00000|  0%| F|  |TAMS 0x00000007af800000, 0x00000007af800000| Untracked 
|1385|0x00000007afa00000, 0x00000007afa00000, 0x00000007afc00000|  0%| F|  |TAMS 0x00000007afa00000, 0x00000007afa00000| Untracked 
|1386|0x00000007afc00000, 0x00000007afc00000, 0x00000007afe00000|  0%| F|  |TAMS 0x00000007afc00000, 0x00000007afc00000| Untracked 
|1387|0x00000007afe00000, 0x00000007afe00000, 0x00000007b0000000|  0%| F|  |TAMS 0x00000007afe00000, 0x00000007afe00000| Untracked 
|1388|0x00000007b0000000, 0x00000007b0000000, 0x00000007b0200000|  0%| F|  |TAMS 0x00000007b0000000, 0x00000007b0000000| Untracked 
|1389|0x00000007b0200000, 0x00000007b0200000, 0x00000007b0400000|  0%| F|  |TAMS 0x00000007b0200000, 0x00000007b0200000| Untracked 
|1390|0x00000007b0400000, 0x00000007b0400000, 0x00000007b0600000|  0%| F|  |TAMS 0x00000007b0400000, 0x00000007b0400000| Untracked 
|1391|0x00000007b0600000, 0x00000007b0600000, 0x00000007b0800000|  0%| F|  |TAMS 0x00000007b0600000, 0x00000007b0600000| Untracked 
|1392|0x00000007b0800000, 0x00000007b0800000, 0x00000007b0a00000|  0%| F|  |TAMS 0x00000007b0800000, 0x00000007b0800000| Untracked 
|1393|0x00000007b0a00000, 0x00000007b0a00000, 0x00000007b0c00000|  0%| F|  |TAMS 0x00000007b0a00000, 0x00000007b0a00000| Untracked 
|1394|0x00000007b0c00000, 0x00000007b0c00000, 0x00000007b0e00000|  0%| F|  |TAMS 0x00000007b0c00000, 0x00000007b0c00000| Untracked 
|1395|0x00000007b0e00000, 0x00000007b0e00000, 0x00000007b1000000|  0%| F|  |TAMS 0x00000007b0e00000, 0x00000007b0e00000| Untracked 
|1396|0x00000007b1000000, 0x00000007b1000000, 0x00000007b1200000|  0%| F|  |TAMS 0x00000007b1000000, 0x00000007b1000000| Untracked 
|1397|0x00000007b1200000, 0x00000007b1200000, 0x00000007b1400000|  0%| F|  |TAMS 0x00000007b1200000, 0x00000007b1200000| Untracked 
|1398|0x00000007b1400000, 0x00000007b1400000, 0x00000007b1600000|  0%| F|  |TAMS 0x00000007b1400000, 0x00000007b1400000| Untracked 
|1399|0x00000007b1600000, 0x00000007b1600000, 0x00000007b1800000|  0%| F|  |TAMS 0x00000007b1600000, 0x00000007b1600000| Untracked 
|1400|0x00000007b1800000, 0x00000007b1800000, 0x00000007b1a00000|  0%| F|  |TAMS 0x00000007b1800000, 0x00000007b1800000| Untracked 
|1401|0x00000007b1a00000, 0x00000007b1a00000, 0x00000007b1c00000|  0%| F|  |TAMS 0x00000007b1a00000, 0x00000007b1a00000| Untracked 
|1402|0x00000007b1c00000, 0x00000007b1c00000, 0x00000007b1e00000|  0%| F|  |TAMS 0x00000007b1c00000, 0x00000007b1c00000| Untracked 
|1403|0x00000007b1e00000, 0x00000007b1e00000, 0x00000007b2000000|  0%| F|  |TAMS 0x00000007b1e00000, 0x00000007b1e00000| Untracked 
|1404|0x00000007b2000000, 0x00000007b2000000, 0x00000007b2200000|  0%| F|  |TAMS 0x00000007b2000000, 0x00000007b2000000| Untracked 
|1405|0x00000007b2200000, 0x00000007b2200000, 0x00000007b2400000|  0%| F|  |TAMS 0x00000007b2200000, 0x00000007b2200000| Untracked 
|1406|0x00000007b2400000, 0x00000007b2400000, 0x00000007b2600000|  0%| F|  |TAMS 0x00000007b2400000, 0x00000007b2400000| Untracked 
|1407|0x00000007b2600000, 0x00000007b2600000, 0x00000007b2800000|  0%| F|  |TAMS 0x00000007b2600000, 0x00000007b2600000| Untracked 
|1408|0x00000007b2800000, 0x00000007b2800000, 0x00000007b2a00000|  0%| F|  |TAMS 0x00000007b2800000, 0x00000007b2800000| Untracked 
|1409|0x00000007b2a00000, 0x00000007b2a00000, 0x00000007b2c00000|  0%| F|  |TAMS 0x00000007b2a00000, 0x00000007b2a00000| Untracked 
|1410|0x00000007b2c00000, 0x00000007b2c00000, 0x00000007b2e00000|  0%| F|  |TAMS 0x00000007b2c00000, 0x00000007b2c00000| Untracked 
|1411|0x00000007b2e00000, 0x00000007b2e00000, 0x00000007b3000000|  0%| F|  |TAMS 0x00000007b2e00000, 0x00000007b2e00000| Untracked 
|1412|0x00000007b3000000, 0x00000007b3000000, 0x00000007b3200000|  0%| F|  |TAMS 0x00000007b3000000, 0x00000007b3000000| Untracked 
|1413|0x00000007b3200000, 0x00000007b3200000, 0x00000007b3400000|  0%| F|  |TAMS 0x00000007b3200000, 0x00000007b3200000| Untracked 
|1414|0x00000007b3400000, 0x00000007b3400000, 0x00000007b3600000|  0%| F|  |TAMS 0x00000007b3400000, 0x00000007b3400000| Untracked 
|1415|0x00000007b3600000, 0x00000007b3600000, 0x00000007b3800000|  0%| F|  |TAMS 0x00000007b3600000, 0x00000007b3600000| Untracked 
|1416|0x00000007b3800000, 0x00000007b3800000, 0x00000007b3a00000|  0%| F|  |TAMS 0x00000007b3800000, 0x00000007b3800000| Untracked 
|1417|0x00000007b3a00000, 0x00000007b3a00000, 0x00000007b3c00000|  0%| F|  |TAMS 0x00000007b3a00000, 0x00000007b3a00000| Untracked 
|1418|0x00000007b3c00000, 0x00000007b3c00000, 0x00000007b3e00000|  0%| F|  |TAMS 0x00000007b3c00000, 0x00000007b3c00000| Untracked 
|1419|0x00000007b3e00000, 0x00000007b3e00000, 0x00000007b4000000|  0%| F|  |TAMS 0x00000007b3e00000, 0x00000007b3e00000| Untracked 
|1420|0x00000007b4000000, 0x00000007b4000000, 0x00000007b4200000|  0%| F|  |TAMS 0x00000007b4000000, 0x00000007b4000000| Untracked 
|1421|0x00000007b4200000, 0x00000007b4200000, 0x00000007b4400000|  0%| F|  |TAMS 0x00000007b4200000, 0x00000007b4200000| Untracked 
|1422|0x00000007b4400000, 0x00000007b4400000, 0x00000007b4600000|  0%| F|  |TAMS 0x00000007b4400000, 0x00000007b4400000| Untracked 
|1423|0x00000007b4600000, 0x00000007b4600000, 0x00000007b4800000|  0%| F|  |TAMS 0x00000007b4600000, 0x00000007b4600000| Untracked 
|1424|0x00000007b4800000, 0x00000007b4800000, 0x00000007b4a00000|  0%| F|  |TAMS 0x00000007b4800000, 0x00000007b4800000| Untracked 
|1425|0x00000007b4a00000, 0x00000007b4a00000, 0x00000007b4c00000|  0%| F|  |TAMS 0x00000007b4a00000, 0x00000007b4a00000| Untracked 
|1426|0x00000007b4c00000, 0x00000007b4c00000, 0x00000007b4e00000|  0%| F|  |TAMS 0x00000007b4c00000, 0x00000007b4c00000| Untracked 
|1427|0x00000007b4e00000, 0x00000007b4e00000, 0x00000007b5000000|  0%| F|  |TAMS 0x00000007b4e00000, 0x00000007b4e00000| Untracked 
|1428|0x00000007b5000000, 0x00000007b5000000, 0x00000007b5200000|  0%| F|  |TAMS 0x00000007b5000000, 0x00000007b5000000| Untracked 
|1429|0x00000007b5200000, 0x00000007b5200000, 0x00000007b5400000|  0%| F|  |TAMS 0x00000007b5200000, 0x00000007b5200000| Untracked 
|1430|0x00000007b5400000, 0x00000007b5400000, 0x00000007b5600000|  0%| F|  |TAMS 0x00000007b5400000, 0x00000007b5400000| Untracked 
|1431|0x00000007b5600000, 0x00000007b5600000, 0x00000007b5800000|  0%| F|  |TAMS 0x00000007b5600000, 0x00000007b5600000| Untracked 
|1432|0x00000007b5800000, 0x00000007b5800000, 0x00000007b5a00000|  0%| F|  |TAMS 0x00000007b5800000, 0x00000007b5800000| Untracked 
|1433|0x00000007b5a00000, 0x00000007b5a00000, 0x00000007b5c00000|  0%| F|  |TAMS 0x00000007b5a00000, 0x00000007b5a00000| Untracked 
|1434|0x00000007b5c00000, 0x00000007b5c00000, 0x00000007b5e00000|  0%| F|  |TAMS 0x00000007b5c00000, 0x00000007b5c00000| Untracked 
|1435|0x00000007b5e00000, 0x00000007b5e00000, 0x00000007b6000000|  0%| F|  |TAMS 0x00000007b5e00000, 0x00000007b5e00000| Untracked 
|1436|0x00000007b6000000, 0x00000007b6000000, 0x00000007b6200000|  0%| F|  |TAMS 0x00000007b6000000, 0x00000007b6000000| Untracked 
|1437|0x00000007b6200000, 0x00000007b6200000, 0x00000007b6400000|  0%| F|  |TAMS 0x00000007b6200000, 0x00000007b6200000| Untracked 
|1438|0x00000007b6400000, 0x00000007b6400000, 0x00000007b6600000|  0%| F|  |TAMS 0x00000007b6400000, 0x00000007b6400000| Untracked 
|1439|0x00000007b6600000, 0x00000007b6600000, 0x00000007b6800000|  0%| F|  |TAMS 0x00000007b6600000, 0x00000007b6600000| Untracked 
|1440|0x00000007b6800000, 0x00000007b6800000, 0x00000007b6a00000|  0%| F|  |TAMS 0x00000007b6800000, 0x00000007b6800000| Untracked 
|1441|0x00000007b6a00000, 0x00000007b6a00000, 0x00000007b6c00000|  0%| F|  |TAMS 0x00000007b6a00000, 0x00000007b6a00000| Untracked 
|1442|0x00000007b6c00000, 0x00000007b6e00000, 0x00000007b6e00000|100%| S|CS|TAMS 0x00000007b6c00000, 0x00000007b6c00000| Complete 
|1443|0x00000007b6e00000, 0x00000007b7000000, 0x00000007b7000000|100%| S|CS|TAMS 0x00000007b6e00000, 0x00000007b6e00000| Complete 
|1444|0x00000007b7000000, 0x00000007b7200000, 0x00000007b7200000|100%| S|CS|TAMS 0x00000007b7000000, 0x00000007b7000000| Complete 
|1445|0x00000007b7200000, 0x00000007b7400000, 0x00000007b7400000|100%| S|CS|TAMS 0x00000007b7200000, 0x00000007b7200000| Complete 
|1446|0x00000007b7400000, 0x00000007b7600000, 0x00000007b7600000|100%| S|CS|TAMS 0x00000007b7400000, 0x00000007b7400000| Complete 
|1447|0x00000007b7600000, 0x00000007b7800000, 0x00000007b7800000|100%| S|CS|TAMS 0x00000007b7600000, 0x00000007b7600000| Complete 
|1448|0x00000007b7800000, 0x00000007b7a00000, 0x00000007b7a00000|100%| S|CS|TAMS 0x00000007b7800000, 0x00000007b7800000| Complete 
|1449|0x00000007b7a00000, 0x00000007b7c00000, 0x00000007b7c00000|100%| S|CS|TAMS 0x00000007b7a00000, 0x00000007b7a00000| Complete 
|1450|0x00000007b7c00000, 0x00000007b7e00000, 0x00000007b7e00000|100%| S|CS|TAMS 0x00000007b7c00000, 0x00000007b7c00000| Complete 
|1451|0x00000007b7e00000, 0x00000007b8000000, 0x00000007b8000000|100%| S|CS|TAMS 0x00000007b7e00000, 0x00000007b7e00000| Complete 
|1452|0x00000007b8000000, 0x00000007b8200000, 0x00000007b8200000|100%| S|CS|TAMS 0x00000007b8000000, 0x00000007b8000000| Complete 
|1453|0x00000007b8200000, 0x00000007b8400000, 0x00000007b8400000|100%| S|CS|TAMS 0x00000007b8200000, 0x00000007b8200000| Complete 
|1454|0x00000007b8400000, 0x00000007b8600000, 0x00000007b8600000|100%| S|CS|TAMS 0x00000007b8400000, 0x00000007b8400000| Complete 
|1455|0x00000007b8600000, 0x00000007b8800000, 0x00000007b8800000|100%| S|CS|TAMS 0x00000007b8600000, 0x00000007b8600000| Complete 
|1456|0x00000007b8800000, 0x00000007b8a00000, 0x00000007b8a00000|100%| S|CS|TAMS 0x00000007b8800000, 0x00000007b8800000| Complete 
|1457|0x00000007b8a00000, 0x00000007b8c00000, 0x00000007b8c00000|100%| S|CS|TAMS 0x00000007b8a00000, 0x00000007b8a00000| Complete 
|1458|0x00000007b8c00000, 0x00000007b8e00000, 0x00000007b8e00000|100%| S|CS|TAMS 0x00000007b8c00000, 0x00000007b8c00000| Complete 
|1459|0x00000007b8e00000, 0x00000007b9000000, 0x00000007b9000000|100%| S|CS|TAMS 0x00000007b8e00000, 0x00000007b8e00000| Complete 
|1460|0x00000007b9000000, 0x00000007b9200000, 0x00000007b9200000|100%| S|CS|TAMS 0x00000007b9000000, 0x00000007b9000000| Complete 
|1461|0x00000007b9200000, 0x00000007b9400000, 0x00000007b9400000|100%| S|CS|TAMS 0x00000007b9200000, 0x00000007b9200000| Complete 
|1462|0x00000007b9400000, 0x00000007b9600000, 0x00000007b9600000|100%| S|CS|TAMS 0x00000007b9400000, 0x00000007b9400000| Complete 
|1463|0x00000007b9600000, 0x00000007b9800000, 0x00000007b9800000|100%| S|CS|TAMS 0x00000007b9600000, 0x00000007b9600000| Complete 
|1464|0x00000007b9800000, 0x00000007b9a00000, 0x00000007b9a00000|100%| S|CS|TAMS 0x00000007b9800000, 0x00000007b9800000| Complete 
|1465|0x00000007b9a00000, 0x00000007b9c00000, 0x00000007b9c00000|100%| S|CS|TAMS 0x00000007b9a00000, 0x00000007b9a00000| Complete 
|1466|0x00000007b9c00000, 0x00000007b9e00000, 0x00000007b9e00000|100%| S|CS|TAMS 0x00000007b9c00000, 0x00000007b9c00000| Complete 
|1467|0x00000007b9e00000, 0x00000007ba000000, 0x00000007ba000000|100%| S|CS|TAMS 0x00000007b9e00000, 0x00000007b9e00000| Complete 
|1468|0x00000007ba000000, 0x00000007ba200000, 0x00000007ba200000|100%| S|CS|TAMS 0x00000007ba000000, 0x00000007ba000000| Complete 
|1469|0x00000007ba200000, 0x00000007ba400000, 0x00000007ba400000|100%| S|CS|TAMS 0x00000007ba200000, 0x00000007ba200000| Complete 
|1470|0x00000007ba400000, 0x00000007ba600000, 0x00000007ba600000|100%| S|CS|TAMS 0x00000007ba400000, 0x00000007ba400000| Complete 
|1471|0x00000007ba600000, 0x00000007ba800000, 0x00000007ba800000|100%| S|CS|TAMS 0x00000007ba600000, 0x00000007ba600000| Complete 
|1472|0x00000007ba800000, 0x00000007baa00000, 0x00000007baa00000|100%| S|CS|TAMS 0x00000007ba800000, 0x00000007ba800000| Complete 
|1473|0x00000007baa00000, 0x00000007bac00000, 0x00000007bac00000|100%| S|CS|TAMS 0x00000007baa00000, 0x00000007baa00000| Complete 
|1474|0x00000007bac00000, 0x00000007bae00000, 0x00000007bae00000|100%| S|CS|TAMS 0x00000007bac00000, 0x00000007bac00000| Complete 
|1475|0x00000007bae00000, 0x00000007bb000000, 0x00000007bb000000|100%| S|CS|TAMS 0x00000007bae00000, 0x00000007bae00000| Complete 
|1476|0x00000007bb000000, 0x00000007bb200000, 0x00000007bb200000|100%| S|CS|TAMS 0x00000007bb000000, 0x00000007bb000000| Complete 
|1477|0x00000007bb200000, 0x00000007bb400000, 0x00000007bb400000|100%| S|CS|TAMS 0x00000007bb200000, 0x00000007bb200000| Complete 
|1478|0x00000007bb400000, 0x00000007bb600000, 0x00000007bb600000|100%| S|CS|TAMS 0x00000007bb400000, 0x00000007bb400000| Complete 
|1479|0x00000007bb600000, 0x00000007bb800000, 0x00000007bb800000|100%| S|CS|TAMS 0x00000007bb600000, 0x00000007bb600000| Complete 
|1480|0x00000007bb800000, 0x00000007bb800000, 0x00000007bba00000|  0%| F|  |TAMS 0x00000007bb800000, 0x00000007bb800000| Untracked 
|1481|0x00000007bba00000, 0x00000007bba00000, 0x00000007bbc00000|  0%| F|  |TAMS 0x00000007bba00000, 0x00000007bba00000| Untracked 
|1482|0x00000007bbc00000, 0x00000007bbc00000, 0x00000007bbe00000|  0%| F|  |TAMS 0x00000007bbc00000, 0x00000007bbc00000| Untracked 
|1483|0x00000007bbe00000, 0x00000007bbe00000, 0x00000007bc000000|  0%| F|  |TAMS 0x00000007bbe00000, 0x00000007bbe00000| Untracked 
|1484|0x00000007bc000000, 0x00000007bc000000, 0x00000007bc200000|  0%| F|  |TAMS 0x00000007bc000000, 0x00000007bc000000| Untracked 
|1485|0x00000007bc200000, 0x00000007bc200000, 0x00000007bc400000|  0%| F|  |TAMS 0x00000007bc200000, 0x00000007bc200000| Untracked 
|1486|0x00000007bc400000, 0x00000007bc400000, 0x00000007bc600000|  0%| F|  |TAMS 0x00000007bc400000, 0x00000007bc400000| Untracked 
|1487|0x00000007bc600000, 0x00000007bc600000, 0x00000007bc800000|  0%| F|  |TAMS 0x00000007bc600000, 0x00000007bc600000| Untracked 
|1488|0x00000007bc800000, 0x00000007bc800000, 0x00000007bca00000|  0%| F|  |TAMS 0x00000007bc800000, 0x00000007bc800000| Untracked 
|1489|0x00000007bca00000, 0x00000007bca00000, 0x00000007bcc00000|  0%| F|  |TAMS 0x00000007bca00000, 0x00000007bca00000| Untracked 
|1490|0x00000007bcc00000, 0x00000007bcc00000, 0x00000007bce00000|  0%| F|  |TAMS 0x00000007bcc00000, 0x00000007bcc00000| Untracked 
|1491|0x00000007bce00000, 0x00000007bce00000, 0x00000007bd000000|  0%| F|  |TAMS 0x00000007bce00000, 0x00000007bce00000| Untracked 
|1492|0x00000007bd000000, 0x00000007bd000000, 0x00000007bd200000|  0%| F|  |TAMS 0x00000007bd000000, 0x00000007bd000000| Untracked 
|1493|0x00000007bd200000, 0x00000007bd200000, 0x00000007bd400000|  0%| F|  |TAMS 0x00000007bd200000, 0x00000007bd200000| Untracked 
|1494|0x00000007bd400000, 0x00000007bd400000, 0x00000007bd600000|  0%| F|  |TAMS 0x00000007bd400000, 0x00000007bd400000| Untracked 
|1495|0x00000007bd600000, 0x00000007bd600000, 0x00000007bd800000|  0%| F|  |TAMS 0x00000007bd600000, 0x00000007bd600000| Untracked 
|1496|0x00000007bd800000, 0x00000007bd800000, 0x00000007bda00000|  0%| F|  |TAMS 0x00000007bd800000, 0x00000007bd800000| Untracked 
|1497|0x00000007bda00000, 0x00000007bda00000, 0x00000007bdc00000|  0%| F|  |TAMS 0x00000007bda00000, 0x00000007bda00000| Untracked 
|1498|0x00000007bdc00000, 0x00000007bdc00000, 0x00000007bde00000|  0%| F|  |TAMS 0x00000007bdc00000, 0x00000007bdc00000| Untracked 
|1499|0x00000007bde00000, 0x00000007bde00000, 0x00000007be000000|  0%| F|  |TAMS 0x00000007bde00000, 0x00000007bde00000| Untracked 
|1500|0x00000007be000000, 0x00000007be000000, 0x00000007be200000|  0%| F|  |TAMS 0x00000007be000000, 0x00000007be000000| Untracked 
|1501|0x00000007be200000, 0x00000007be200000, 0x00000007be400000|  0%| F|  |TAMS 0x00000007be200000, 0x00000007be200000| Untracked 
|1502|0x00000007be400000, 0x00000007be400000, 0x00000007be600000|  0%| F|  |TAMS 0x00000007be400000, 0x00000007be400000| Untracked 
|1503|0x00000007be600000, 0x00000007be600000, 0x00000007be800000|  0%| F|  |TAMS 0x00000007be600000, 0x00000007be600000| Untracked 
|1504|0x00000007be800000, 0x00000007be800000, 0x00000007bea00000|  0%| F|  |TAMS 0x00000007be800000, 0x00000007be800000| Untracked 
|1505|0x00000007bea00000, 0x00000007bea00000, 0x00000007bec00000|  0%| F|  |TAMS 0x00000007bea00000, 0x00000007bea00000| Untracked 
|1506|0x00000007bec00000, 0x00000007bec00000, 0x00000007bee00000|  0%| F|  |TAMS 0x00000007bec00000, 0x00000007bec00000| Untracked 
|1507|0x00000007bee00000, 0x00000007bee00000, 0x00000007bf000000|  0%| F|  |TAMS 0x00000007bee00000, 0x00000007bee00000| Untracked 
|1508|0x00000007bf000000, 0x00000007bf000000, 0x00000007bf200000|  0%| F|  |TAMS 0x00000007bf000000, 0x00000007bf000000| Untracked 
|1509|0x00000007bf200000, 0x00000007bf200000, 0x00000007bf400000|  0%| F|  |TAMS 0x00000007bf200000, 0x00000007bf200000| Untracked 
|1510|0x00000007bf400000, 0x00000007bf400000, 0x00000007bf600000|  0%| F|  |TAMS 0x00000007bf400000, 0x00000007bf400000| Untracked 
|1511|0x00000007bf600000, 0x00000007bf600000, 0x00000007bf800000|  0%| F|  |TAMS 0x00000007bf600000, 0x00000007bf600000| Untracked 
|1512|0x00000007bf800000, 0x00000007bf800000, 0x00000007bfa00000|  0%| F|  |TAMS 0x00000007bf800000, 0x00000007bf800000| Untracked 
|1513|0x00000007bfa00000, 0x00000007bfa00000, 0x00000007bfc00000|  0%| F|  |TAMS 0x00000007bfa00000, 0x00000007bfa00000| Untracked 
|1514|0x00000007bfc00000, 0x00000007bfc00000, 0x00000007bfe00000|  0%| F|  |TAMS 0x00000007bfc00000, 0x00000007bfc00000| Untracked 
|1515|0x00000007bfe00000, 0x00000007bfe00000, 0x00000007c0000000|  0%| F|  |TAMS 0x00000007bfe00000, 0x00000007bfe00000| Untracked 
|1516|0x00000007c0000000, 0x00000007c0000000, 0x00000007c0200000|  0%| F|  |TAMS 0x00000007c0000000, 0x00000007c0000000| Untracked 
|1517|0x00000007c0200000, 0x00000007c0200000, 0x00000007c0400000|  0%| F|  |TAMS 0x00000007c0200000, 0x00000007c0200000| Untracked 
|1518|0x00000007c0400000, 0x00000007c0400000, 0x00000007c0600000|  0%| F|  |TAMS 0x00000007c0400000, 0x00000007c0400000| Untracked 
|1519|0x00000007c0600000, 0x00000007c0600000, 0x00000007c0800000|  0%| F|  |TAMS 0x00000007c0600000, 0x00000007c0600000| Untracked 
|1520|0x00000007c0800000, 0x00000007c0800000, 0x00000007c0a00000|  0%| F|  |TAMS 0x00000007c0800000, 0x00000007c0800000| Untracked 
|1521|0x00000007c0a00000, 0x00000007c0a00000, 0x00000007c0c00000|  0%| F|  |TAMS 0x00000007c0a00000, 0x00000007c0a00000| Untracked 
|1522|0x00000007c0c00000, 0x00000007c0c00000, 0x00000007c0e00000|  0%| F|  |TAMS 0x00000007c0c00000, 0x00000007c0c00000| Untracked 
|1523|0x00000007c0e00000, 0x00000007c0e00000, 0x00000007c1000000|  0%| F|  |TAMS 0x00000007c0e00000, 0x00000007c0e00000| Untracked 
|1524|0x00000007c1000000, 0x00000007c1000000, 0x00000007c1200000|  0%| F|  |TAMS 0x00000007c1000000, 0x00000007c1000000| Untracked 
|1525|0x00000007c1200000, 0x00000007c1200000, 0x00000007c1400000|  0%| F|  |TAMS 0x00000007c1200000, 0x00000007c1200000| Untracked 
|1526|0x00000007c1400000, 0x00000007c1400000, 0x00000007c1600000|  0%| F|  |TAMS 0x00000007c1400000, 0x00000007c1400000| Untracked 
|1527|0x00000007c1600000, 0x00000007c1600000, 0x00000007c1800000|  0%| F|  |TAMS 0x00000007c1600000, 0x00000007c1600000| Untracked 
|1528|0x00000007c1800000, 0x00000007c1800000, 0x00000007c1a00000|  0%| F|  |TAMS 0x00000007c1800000, 0x00000007c1800000| Untracked 
|1529|0x00000007c1a00000, 0x00000007c1a00000, 0x00000007c1c00000|  0%| F|  |TAMS 0x00000007c1a00000, 0x00000007c1a00000| Untracked 
|1530|0x00000007c1c00000, 0x00000007c1c00000, 0x00000007c1e00000|  0%| F|  |TAMS 0x00000007c1c00000, 0x00000007c1c00000| Untracked 
|1531|0x00000007c1e00000, 0x00000007c1e00000, 0x00000007c2000000|  0%| F|  |TAMS 0x00000007c1e00000, 0x00000007c1e00000| Untracked 
|1532|0x00000007c2000000, 0x00000007c2000000, 0x00000007c2200000|  0%| F|  |TAMS 0x00000007c2000000, 0x00000007c2000000| Untracked 
|1533|0x00000007c2200000, 0x00000007c2200000, 0x00000007c2400000|  0%| F|  |TAMS 0x00000007c2200000, 0x00000007c2200000| Untracked 
|1534|0x00000007c2400000, 0x00000007c2400000, 0x00000007c2600000|  0%| F|  |TAMS 0x00000007c2400000, 0x00000007c2400000| Untracked 
|1535|0x00000007c2600000, 0x00000007c2600000, 0x00000007c2800000|  0%| F|  |TAMS 0x00000007c2600000, 0x00000007c2600000| Untracked 
|1536|0x00000007c2800000, 0x00000007c2800000, 0x00000007c2a00000|  0%| F|  |TAMS 0x00000007c2800000, 0x00000007c2800000| Untracked 
|1537|0x00000007c2a00000, 0x00000007c2a00000, 0x00000007c2c00000|  0%| F|  |TAMS 0x00000007c2a00000, 0x00000007c2a00000| Untracked 
|1538|0x00000007c2c00000, 0x00000007c2c00000, 0x00000007c2e00000|  0%| F|  |TAMS 0x00000007c2c00000, 0x00000007c2c00000| Untracked 
|1539|0x00000007c2e00000, 0x00000007c2e00000, 0x00000007c3000000|  0%| F|  |TAMS 0x00000007c2e00000, 0x00000007c2e00000| Untracked 
|1540|0x00000007c3000000, 0x00000007c3000000, 0x00000007c3200000|  0%| F|  |TAMS 0x00000007c3000000, 0x00000007c3000000| Untracked 
|1541|0x00000007c3200000, 0x00000007c3200000, 0x00000007c3400000|  0%| F|  |TAMS 0x00000007c3200000, 0x00000007c3200000| Untracked 
|1542|0x00000007c3400000, 0x00000007c3400000, 0x00000007c3600000|  0%| F|  |TAMS 0x00000007c3400000, 0x00000007c3400000| Untracked 
|1543|0x00000007c3600000, 0x00000007c3600000, 0x00000007c3800000|  0%| F|  |TAMS 0x00000007c3600000, 0x00000007c3600000| Untracked 
|1544|0x00000007c3800000, 0x00000007c3800000, 0x00000007c3a00000|  0%| F|  |TAMS 0x00000007c3800000, 0x00000007c3800000| Untracked 
|1545|0x00000007c3a00000, 0x00000007c3a00000, 0x00000007c3c00000|  0%| F|  |TAMS 0x00000007c3a00000, 0x00000007c3a00000| Untracked 
|1546|0x00000007c3c00000, 0x00000007c3c00000, 0x00000007c3e00000|  0%| F|  |TAMS 0x00000007c3c00000, 0x00000007c3c00000| Untracked 
|1547|0x00000007c3e00000, 0x00000007c3e00000, 0x00000007c4000000|  0%| F|  |TAMS 0x00000007c3e00000, 0x00000007c3e00000| Untracked 
|1548|0x00000007c4000000, 0x00000007c4000000, 0x00000007c4200000|  0%| F|  |TAMS 0x00000007c4000000, 0x00000007c4000000| Untracked 
|1549|0x00000007c4200000, 0x00000007c4200000, 0x00000007c4400000|  0%| F|  |TAMS 0x00000007c4200000, 0x00000007c4200000| Untracked 
|1550|0x00000007c4400000, 0x00000007c4400000, 0x00000007c4600000|  0%| F|  |TAMS 0x00000007c4400000, 0x00000007c4400000| Untracked 
|1551|0x00000007c4600000, 0x00000007c4600000, 0x00000007c4800000|  0%| F|  |TAMS 0x00000007c4600000, 0x00000007c4600000| Untracked 
|1552|0x00000007c4800000, 0x00000007c4800000, 0x00000007c4a00000|  0%| F|  |TAMS 0x00000007c4800000, 0x00000007c4800000| Untracked 
|1553|0x00000007c4a00000, 0x00000007c4a00000, 0x00000007c4c00000|  0%| F|  |TAMS 0x00000007c4a00000, 0x00000007c4a00000| Untracked 
|1554|0x00000007c4c00000, 0x00000007c4c00000, 0x00000007c4e00000|  0%| F|  |TAMS 0x00000007c4c00000, 0x00000007c4c00000| Untracked 
|1555|0x00000007c4e00000, 0x00000007c4e00000, 0x00000007c5000000|  0%| F|  |TAMS 0x00000007c4e00000, 0x00000007c4e00000| Untracked 
|1556|0x00000007c5000000, 0x00000007c5000000, 0x00000007c5200000|  0%| F|  |TAMS 0x00000007c5000000, 0x00000007c5000000| Untracked 
|1557|0x00000007c5200000, 0x00000007c5200000, 0x00000007c5400000|  0%| F|  |TAMS 0x00000007c5200000, 0x00000007c5200000| Untracked 
|1558|0x00000007c5400000, 0x00000007c5400000, 0x00000007c5600000|  0%| F|  |TAMS 0x00000007c5400000, 0x00000007c5400000| Untracked 
|1559|0x00000007c5600000, 0x00000007c5600000, 0x00000007c5800000|  0%| F|  |TAMS 0x00000007c5600000, 0x00000007c5600000| Untracked 
|1560|0x00000007c5800000, 0x00000007c5800000, 0x00000007c5a00000|  0%| F|  |TAMS 0x00000007c5800000, 0x00000007c5800000| Untracked 
|1561|0x00000007c5a00000, 0x00000007c5a00000, 0x00000007c5c00000|  0%| F|  |TAMS 0x00000007c5a00000, 0x00000007c5a00000| Untracked 
|1562|0x00000007c5c00000, 0x00000007c5c00000, 0x00000007c5e00000|  0%| F|  |TAMS 0x00000007c5c00000, 0x00000007c5c00000| Untracked 
|1563|0x00000007c5e00000, 0x00000007c5e00000, 0x00000007c6000000|  0%| F|  |TAMS 0x00000007c5e00000, 0x00000007c5e00000| Untracked 
|1564|0x00000007c6000000, 0x00000007c6000000, 0x00000007c6200000|  0%| F|  |TAMS 0x00000007c6000000, 0x00000007c6000000| Untracked 
|1565|0x00000007c6200000, 0x00000007c6200000, 0x00000007c6400000|  0%| F|  |TAMS 0x00000007c6200000, 0x00000007c6200000| Untracked 
|1566|0x00000007c6400000, 0x00000007c6400000, 0x00000007c6600000|  0%| F|  |TAMS 0x00000007c6400000, 0x00000007c6400000| Untracked 
|1567|0x00000007c6600000, 0x00000007c6600000, 0x00000007c6800000|  0%| F|  |TAMS 0x00000007c6600000, 0x00000007c6600000| Untracked 
|1568|0x00000007c6800000, 0x00000007c6800000, 0x00000007c6a00000|  0%| F|  |TAMS 0x00000007c6800000, 0x00000007c6800000| Untracked 
|1569|0x00000007c6a00000, 0x00000007c6a00000, 0x00000007c6c00000|  0%| F|  |TAMS 0x00000007c6a00000, 0x00000007c6a00000| Untracked 
|1570|0x00000007c6c00000, 0x00000007c6c00000, 0x00000007c6e00000|  0%| F|  |TAMS 0x00000007c6c00000, 0x00000007c6c00000| Untracked 
|1571|0x00000007c6e00000, 0x00000007c6e00000, 0x00000007c7000000|  0%| F|  |TAMS 0x00000007c6e00000, 0x00000007c6e00000| Untracked 
|1572|0x00000007c7000000, 0x00000007c7000000, 0x00000007c7200000|  0%| F|  |TAMS 0x00000007c7000000, 0x00000007c7000000| Untracked 
|1573|0x00000007c7200000, 0x00000007c7200000, 0x00000007c7400000|  0%| F|  |TAMS 0x00000007c7200000, 0x00000007c7200000| Untracked 
|1574|0x00000007c7400000, 0x00000007c7400000, 0x00000007c7600000|  0%| F|  |TAMS 0x00000007c7400000, 0x00000007c7400000| Untracked 
|1575|0x00000007c7600000, 0x00000007c7600000, 0x00000007c7800000|  0%| F|  |TAMS 0x00000007c7600000, 0x00000007c7600000| Untracked 
|1576|0x00000007c7800000, 0x00000007c7800000, 0x00000007c7a00000|  0%| F|  |TAMS 0x00000007c7800000, 0x00000007c7800000| Untracked 
|1577|0x00000007c7a00000, 0x00000007c7a00000, 0x00000007c7c00000|  0%| F|  |TAMS 0x00000007c7a00000, 0x00000007c7a00000| Untracked 
|1578|0x00000007c7c00000, 0x00000007c7c00000, 0x00000007c7e00000|  0%| F|  |TAMS 0x00000007c7c00000, 0x00000007c7c00000| Untracked 
|1579|0x00000007c7e00000, 0x00000007c7e00000, 0x00000007c8000000|  0%| F|  |TAMS 0x00000007c7e00000, 0x00000007c7e00000| Untracked 
|1580|0x00000007c8000000, 0x00000007c8000000, 0x00000007c8200000|  0%| F|  |TAMS 0x00000007c8000000, 0x00000007c8000000| Untracked 
|1581|0x00000007c8200000, 0x00000007c8200000, 0x00000007c8400000|  0%| F|  |TAMS 0x00000007c8200000, 0x00000007c8200000| Untracked 
|1582|0x00000007c8400000, 0x00000007c8400000, 0x00000007c8600000|  0%| F|  |TAMS 0x00000007c8400000, 0x00000007c8400000| Untracked 
|1583|0x00000007c8600000, 0x00000007c8600000, 0x00000007c8800000|  0%| F|  |TAMS 0x00000007c8600000, 0x00000007c8600000| Untracked 
|1584|0x00000007c8800000, 0x00000007c8800000, 0x00000007c8a00000|  0%| F|  |TAMS 0x00000007c8800000, 0x00000007c8800000| Untracked 
|1585|0x00000007c8a00000, 0x00000007c8a00000, 0x00000007c8c00000|  0%| F|  |TAMS 0x00000007c8a00000, 0x00000007c8a00000| Untracked 
|1586|0x00000007c8c00000, 0x00000007c8c00000, 0x00000007c8e00000|  0%| F|  |TAMS 0x00000007c8c00000, 0x00000007c8c00000| Untracked 
|1587|0x00000007c8e00000, 0x00000007c8e00000, 0x00000007c9000000|  0%| F|  |TAMS 0x00000007c8e00000, 0x00000007c8e00000| Untracked 
|1588|0x00000007c9000000, 0x00000007c9000000, 0x00000007c9200000|  0%| F|  |TAMS 0x00000007c9000000, 0x00000007c9000000| Untracked 
|1589|0x00000007c9200000, 0x00000007c9200000, 0x00000007c9400000|  0%| F|  |TAMS 0x00000007c9200000, 0x00000007c9200000| Untracked 
|1590|0x00000007c9400000, 0x00000007c9400000, 0x00000007c9600000|  0%| F|  |TAMS 0x00000007c9400000, 0x00000007c9400000| Untracked 
|1591|0x00000007c9600000, 0x00000007c9600000, 0x00000007c9800000|  0%| F|  |TAMS 0x00000007c9600000, 0x00000007c9600000| Untracked 
|1592|0x00000007c9800000, 0x00000007c9800000, 0x00000007c9a00000|  0%| F|  |TAMS 0x00000007c9800000, 0x00000007c9800000| Untracked 
|1593|0x00000007c9a00000, 0x00000007c9a00000, 0x00000007c9c00000|  0%| F|  |TAMS 0x00000007c9a00000, 0x00000007c9a00000| Untracked 
|1594|0x00000007c9c00000, 0x00000007c9c00000, 0x00000007c9e00000|  0%| F|  |TAMS 0x00000007c9c00000, 0x00000007c9c00000| Untracked 
|1595|0x00000007c9e00000, 0x00000007c9e00000, 0x00000007ca000000|  0%| F|  |TAMS 0x00000007c9e00000, 0x00000007c9e00000| Untracked 
|1596|0x00000007ca000000, 0x00000007ca000000, 0x00000007ca200000|  0%| F|  |TAMS 0x00000007ca000000, 0x00000007ca000000| Untracked 
|1597|0x00000007ca200000, 0x00000007ca200000, 0x00000007ca400000|  0%| F|  |TAMS 0x00000007ca200000, 0x00000007ca200000| Untracked 
|1598|0x00000007ca400000, 0x00000007ca400000, 0x00000007ca600000|  0%| F|  |TAMS 0x00000007ca400000, 0x00000007ca400000| Untracked 
|1599|0x00000007ca600000, 0x00000007ca600000, 0x00000007ca800000|  0%| F|  |TAMS 0x00000007ca600000, 0x00000007ca600000| Untracked 
|1600|0x00000007ca800000, 0x00000007ca800000, 0x00000007caa00000|  0%| F|  |TAMS 0x00000007ca800000, 0x00000007ca800000| Untracked 
|1601|0x00000007caa00000, 0x00000007caa00000, 0x00000007cac00000|  0%| F|  |TAMS 0x00000007caa00000, 0x00000007caa00000| Untracked 
|1602|0x00000007cac00000, 0x00000007cac00000, 0x00000007cae00000|  0%| F|  |TAMS 0x00000007cac00000, 0x00000007cac00000| Untracked 
|1603|0x00000007cae00000, 0x00000007cae00000, 0x00000007cb000000|  0%| F|  |TAMS 0x00000007cae00000, 0x00000007cae00000| Untracked 
|1604|0x00000007cb000000, 0x00000007cb000000, 0x00000007cb200000|  0%| F|  |TAMS 0x00000007cb000000, 0x00000007cb000000| Untracked 
|1605|0x00000007cb200000, 0x00000007cb200000, 0x00000007cb400000|  0%| F|  |TAMS 0x00000007cb200000, 0x00000007cb200000| Untracked 
|1606|0x00000007cb400000, 0x00000007cb400000, 0x00000007cb600000|  0%| F|  |TAMS 0x00000007cb400000, 0x00000007cb400000| Untracked 
|1607|0x00000007cb600000, 0x00000007cb600000, 0x00000007cb800000|  0%| F|  |TAMS 0x00000007cb600000, 0x00000007cb600000| Untracked 
|1608|0x00000007cb800000, 0x00000007cb800000, 0x00000007cba00000|  0%| F|  |TAMS 0x00000007cb800000, 0x00000007cb800000| Untracked 
|1609|0x00000007cba00000, 0x00000007cba00000, 0x00000007cbc00000|  0%| F|  |TAMS 0x00000007cba00000, 0x00000007cba00000| Untracked 
|1610|0x00000007cbc00000, 0x00000007cbc00000, 0x00000007cbe00000|  0%| F|  |TAMS 0x00000007cbc00000, 0x00000007cbc00000| Untracked 
|1611|0x00000007cbe00000, 0x00000007cbe00000, 0x00000007cc000000|  0%| F|  |TAMS 0x00000007cbe00000, 0x00000007cbe00000| Untracked 
|1612|0x00000007cc000000, 0x00000007cc000000, 0x00000007cc200000|  0%| F|  |TAMS 0x00000007cc000000, 0x00000007cc000000| Untracked 
|1613|0x00000007cc200000, 0x00000007cc200000, 0x00000007cc400000|  0%| F|  |TAMS 0x00000007cc200000, 0x00000007cc200000| Untracked 
|1614|0x00000007cc400000, 0x00000007cc400000, 0x00000007cc600000|  0%| F|  |TAMS 0x00000007cc400000, 0x00000007cc400000| Untracked 
|1615|0x00000007cc600000, 0x00000007cc600000, 0x00000007cc800000|  0%| F|  |TAMS 0x00000007cc600000, 0x00000007cc600000| Untracked 
|1616|0x00000007cc800000, 0x00000007cc800000, 0x00000007cca00000|  0%| F|  |TAMS 0x00000007cc800000, 0x00000007cc800000| Untracked 
|1617|0x00000007cca00000, 0x00000007cca00000, 0x00000007ccc00000|  0%| F|  |TAMS 0x00000007cca00000, 0x00000007cca00000| Untracked 
|1618|0x00000007ccc00000, 0x00000007ccc00000, 0x00000007cce00000|  0%| F|  |TAMS 0x00000007ccc00000, 0x00000007ccc00000| Untracked 
|1619|0x00000007cce00000, 0x00000007cce00000, 0x00000007cd000000|  0%| F|  |TAMS 0x00000007cce00000, 0x00000007cce00000| Untracked 
|1620|0x00000007cd000000, 0x00000007cd000000, 0x00000007cd200000|  0%| F|  |TAMS 0x00000007cd000000, 0x00000007cd000000| Untracked 
|1621|0x00000007cd200000, 0x00000007cd200000, 0x00000007cd400000|  0%| F|  |TAMS 0x00000007cd200000, 0x00000007cd200000| Untracked 
|1622|0x00000007cd400000, 0x00000007cd400000, 0x00000007cd600000|  0%| F|  |TAMS 0x00000007cd400000, 0x00000007cd400000| Untracked 
|1623|0x00000007cd600000, 0x00000007cd600000, 0x00000007cd800000|  0%| F|  |TAMS 0x00000007cd600000, 0x00000007cd600000| Untracked 
|1624|0x00000007cd800000, 0x00000007cd800000, 0x00000007cda00000|  0%| F|  |TAMS 0x00000007cd800000, 0x00000007cd800000| Untracked 
|1625|0x00000007cda00000, 0x00000007cda00000, 0x00000007cdc00000|  0%| F|  |TAMS 0x00000007cda00000, 0x00000007cda00000| Untracked 
|1626|0x00000007cdc00000, 0x00000007cdc00000, 0x00000007cde00000|  0%| F|  |TAMS 0x00000007cdc00000, 0x00000007cdc00000| Untracked 
|1627|0x00000007cde00000, 0x00000007cde00000, 0x00000007ce000000|  0%| F|  |TAMS 0x00000007cde00000, 0x00000007cde00000| Untracked 
|1628|0x00000007ce000000, 0x00000007ce000000, 0x00000007ce200000|  0%| F|  |TAMS 0x00000007ce000000, 0x00000007ce000000| Untracked 
|1629|0x00000007ce200000, 0x00000007ce200000, 0x00000007ce400000|  0%| F|  |TAMS 0x00000007ce200000, 0x00000007ce200000| Untracked 
|1630|0x00000007ce400000, 0x00000007ce400000, 0x00000007ce600000|  0%| F|  |TAMS 0x00000007ce400000, 0x00000007ce400000| Untracked 
|1631|0x00000007ce600000, 0x00000007ce600000, 0x00000007ce800000|  0%| F|  |TAMS 0x00000007ce600000, 0x00000007ce600000| Untracked 
|1632|0x00000007ce800000, 0x00000007ce800000, 0x00000007cea00000|  0%| F|  |TAMS 0x00000007ce800000, 0x00000007ce800000| Untracked 
|1633|0x00000007cea00000, 0x00000007cea00000, 0x00000007cec00000|  0%| F|  |TAMS 0x00000007cea00000, 0x00000007cea00000| Untracked 
|1634|0x00000007cec00000, 0x00000007cec00000, 0x00000007cee00000|  0%| F|  |TAMS 0x00000007cec00000, 0x00000007cec00000| Untracked 
|1635|0x00000007cee00000, 0x00000007cee00000, 0x00000007cf000000|  0%| F|  |TAMS 0x00000007cee00000, 0x00000007cee00000| Untracked 
|1636|0x00000007cf000000, 0x00000007cf000000, 0x00000007cf200000|  0%| F|  |TAMS 0x00000007cf000000, 0x00000007cf000000| Untracked 
|1637|0x00000007cf200000, 0x00000007cf200000, 0x00000007cf400000|  0%| F|  |TAMS 0x00000007cf200000, 0x00000007cf200000| Untracked 
|1638|0x00000007cf400000, 0x00000007cf400000, 0x00000007cf600000|  0%| F|  |TAMS 0x00000007cf400000, 0x00000007cf400000| Untracked 
|1639|0x00000007cf600000, 0x00000007cf600000, 0x00000007cf800000|  0%| F|  |TAMS 0x00000007cf600000, 0x00000007cf600000| Untracked 
|1640|0x00000007cf800000, 0x00000007cf800000, 0x00000007cfa00000|  0%| F|  |TAMS 0x00000007cf800000, 0x00000007cf800000| Untracked 
|1641|0x00000007cfa00000, 0x00000007cfa00000, 0x00000007cfc00000|  0%| F|  |TAMS 0x00000007cfa00000, 0x00000007cfa00000| Untracked 
|1642|0x00000007cfc00000, 0x00000007cfc00000, 0x00000007cfe00000|  0%| F|  |TAMS 0x00000007cfc00000, 0x00000007cfc00000| Untracked 
|1643|0x00000007cfe00000, 0x00000007cfe00000, 0x00000007d0000000|  0%| F|  |TAMS 0x00000007cfe00000, 0x00000007cfe00000| Untracked 
|1644|0x00000007d0000000, 0x00000007d0000000, 0x00000007d0200000|  0%| F|  |TAMS 0x00000007d0000000, 0x00000007d0000000| Untracked 
|1645|0x00000007d0200000, 0x00000007d0200000, 0x00000007d0400000|  0%| F|  |TAMS 0x00000007d0200000, 0x00000007d0200000| Untracked 
|1646|0x00000007d0400000, 0x00000007d0400000, 0x00000007d0600000|  0%| F|  |TAMS 0x00000007d0400000, 0x00000007d0400000| Untracked 
|1647|0x00000007d0600000, 0x00000007d0600000, 0x00000007d0800000|  0%| F|  |TAMS 0x00000007d0600000, 0x00000007d0600000| Untracked 
|1648|0x00000007d0800000, 0x00000007d0800000, 0x00000007d0a00000|  0%| F|  |TAMS 0x00000007d0800000, 0x00000007d0800000| Untracked 
|1649|0x00000007d0a00000, 0x00000007d0a00000, 0x00000007d0c00000|  0%| F|  |TAMS 0x00000007d0a00000, 0x00000007d0a00000| Untracked 
|1650|0x00000007d0c00000, 0x00000007d0c00000, 0x00000007d0e00000|  0%| F|  |TAMS 0x00000007d0c00000, 0x00000007d0c00000| Untracked 
|1651|0x00000007d0e00000, 0x00000007d0e00000, 0x00000007d1000000|  0%| F|  |TAMS 0x00000007d0e00000, 0x00000007d0e00000| Untracked 
|1652|0x00000007d1000000, 0x00000007d1000000, 0x00000007d1200000|  0%| F|  |TAMS 0x00000007d1000000, 0x00000007d1000000| Untracked 
|1653|0x00000007d1200000, 0x00000007d1200000, 0x00000007d1400000|  0%| F|  |TAMS 0x00000007d1200000, 0x00000007d1200000| Untracked 
|1654|0x00000007d1400000, 0x00000007d1400000, 0x00000007d1600000|  0%| F|  |TAMS 0x00000007d1400000, 0x00000007d1400000| Untracked 
|1655|0x00000007d1600000, 0x00000007d1600000, 0x00000007d1800000|  0%| F|  |TAMS 0x00000007d1600000, 0x00000007d1600000| Untracked 
|1656|0x00000007d1800000, 0x00000007d1800000, 0x00000007d1a00000|  0%| F|  |TAMS 0x00000007d1800000, 0x00000007d1800000| Untracked 
|1657|0x00000007d1a00000, 0x00000007d1a00000, 0x00000007d1c00000|  0%| F|  |TAMS 0x00000007d1a00000, 0x00000007d1a00000| Untracked 
|1658|0x00000007d1c00000, 0x00000007d1c00000, 0x00000007d1e00000|  0%| F|  |TAMS 0x00000007d1c00000, 0x00000007d1c00000| Untracked 
|1659|0x00000007d1e00000, 0x00000007d1e00000, 0x00000007d2000000|  0%| F|  |TAMS 0x00000007d1e00000, 0x00000007d1e00000| Untracked 
|1660|0x00000007d2000000, 0x00000007d2000000, 0x00000007d2200000|  0%| F|  |TAMS 0x00000007d2000000, 0x00000007d2000000| Untracked 
|1661|0x00000007d2200000, 0x00000007d2200000, 0x00000007d2400000|  0%| F|  |TAMS 0x00000007d2200000, 0x00000007d2200000| Untracked 
|1662|0x00000007d2400000, 0x00000007d2400000, 0x00000007d2600000|  0%| F|  |TAMS 0x00000007d2400000, 0x00000007d2400000| Untracked 
|1663|0x00000007d2600000, 0x00000007d2600000, 0x00000007d2800000|  0%| F|  |TAMS 0x00000007d2600000, 0x00000007d2600000| Untracked 
|1664|0x00000007d2800000, 0x00000007d2800000, 0x00000007d2a00000|  0%| F|  |TAMS 0x00000007d2800000, 0x00000007d2800000| Untracked 
|1665|0x00000007d2a00000, 0x00000007d2a00000, 0x00000007d2c00000|  0%| F|  |TAMS 0x00000007d2a00000, 0x00000007d2a00000| Untracked 
|1666|0x00000007d2c00000, 0x00000007d2c00000, 0x00000007d2e00000|  0%| F|  |TAMS 0x00000007d2c00000, 0x00000007d2c00000| Untracked 
|1667|0x00000007d2e00000, 0x00000007d2e00000, 0x00000007d3000000|  0%| F|  |TAMS 0x00000007d2e00000, 0x00000007d2e00000| Untracked 
|1668|0x00000007d3000000, 0x00000007d3000000, 0x00000007d3200000|  0%| F|  |TAMS 0x00000007d3000000, 0x00000007d3000000| Untracked 
|1669|0x00000007d3200000, 0x00000007d3200000, 0x00000007d3400000|  0%| F|  |TAMS 0x00000007d3200000, 0x00000007d3200000| Untracked 
|1670|0x00000007d3400000, 0x00000007d3400000, 0x00000007d3600000|  0%| F|  |TAMS 0x00000007d3400000, 0x00000007d3400000| Untracked 
|1671|0x00000007d3600000, 0x00000007d3600000, 0x00000007d3800000|  0%| F|  |TAMS 0x00000007d3600000, 0x00000007d3600000| Untracked 
|1672|0x00000007d3800000, 0x00000007d3800000, 0x00000007d3a00000|  0%| F|  |TAMS 0x00000007d3800000, 0x00000007d3800000| Untracked 
|1673|0x00000007d3a00000, 0x00000007d3a00000, 0x00000007d3c00000|  0%| F|  |TAMS 0x00000007d3a00000, 0x00000007d3a00000| Untracked 
|1674|0x00000007d3c00000, 0x00000007d3c00000, 0x00000007d3e00000|  0%| F|  |TAMS 0x00000007d3c00000, 0x00000007d3c00000| Untracked 
|1675|0x00000007d3e00000, 0x00000007d3e00000, 0x00000007d4000000|  0%| F|  |TAMS 0x00000007d3e00000, 0x00000007d3e00000| Untracked 
|1676|0x00000007d4000000, 0x00000007d4000000, 0x00000007d4200000|  0%| F|  |TAMS 0x00000007d4000000, 0x00000007d4000000| Untracked 
|1677|0x00000007d4200000, 0x00000007d4200000, 0x00000007d4400000|  0%| F|  |TAMS 0x00000007d4200000, 0x00000007d4200000| Untracked 
|1678|0x00000007d4400000, 0x00000007d4400000, 0x00000007d4600000|  0%| F|  |TAMS 0x00000007d4400000, 0x00000007d4400000| Untracked 
|1679|0x00000007d4600000, 0x00000007d4600000, 0x00000007d4800000|  0%| F|  |TAMS 0x00000007d4600000, 0x00000007d4600000| Untracked 
|1680|0x00000007d4800000, 0x00000007d4800000, 0x00000007d4a00000|  0%| F|  |TAMS 0x00000007d4800000, 0x00000007d4800000| Untracked 
|1681|0x00000007d4a00000, 0x00000007d4a00000, 0x00000007d4c00000|  0%| F|  |TAMS 0x00000007d4a00000, 0x00000007d4a00000| Untracked 
|1682|0x00000007d4c00000, 0x00000007d4c00000, 0x00000007d4e00000|  0%| F|  |TAMS 0x00000007d4c00000, 0x00000007d4c00000| Untracked 
|1683|0x00000007d4e00000, 0x00000007d4e00000, 0x00000007d5000000|  0%| F|  |TAMS 0x00000007d4e00000, 0x00000007d4e00000| Untracked 
|1684|0x00000007d5000000, 0x00000007d5000000, 0x00000007d5200000|  0%| F|  |TAMS 0x00000007d5000000, 0x00000007d5000000| Untracked 
|1685|0x00000007d5200000, 0x00000007d5200000, 0x00000007d5400000|  0%| F|  |TAMS 0x00000007d5200000, 0x00000007d5200000| Untracked 
|1686|0x00000007d5400000, 0x00000007d5400000, 0x00000007d5600000|  0%| F|  |TAMS 0x00000007d5400000, 0x00000007d5400000| Untracked 
|1687|0x00000007d5600000, 0x00000007d5600000, 0x00000007d5800000|  0%| F|  |TAMS 0x00000007d5600000, 0x00000007d5600000| Untracked 
|1688|0x00000007d5800000, 0x00000007d5800000, 0x00000007d5a00000|  0%| F|  |TAMS 0x00000007d5800000, 0x00000007d5800000| Untracked 
|1689|0x00000007d5a00000, 0x00000007d5a00000, 0x00000007d5c00000|  0%| F|  |TAMS 0x00000007d5a00000, 0x00000007d5a00000| Untracked 
|1690|0x00000007d5c00000, 0x00000007d5c00000, 0x00000007d5e00000|  0%| F|  |TAMS 0x00000007d5c00000, 0x00000007d5c00000| Untracked 
|1691|0x00000007d5e00000, 0x00000007d5e00000, 0x00000007d6000000|  0%| F|  |TAMS 0x00000007d5e00000, 0x00000007d5e00000| Untracked 
|1692|0x00000007d6000000, 0x00000007d6000000, 0x00000007d6200000|  0%| F|  |TAMS 0x00000007d6000000, 0x00000007d6000000| Untracked 
|1693|0x00000007d6200000, 0x00000007d6200000, 0x00000007d6400000|  0%| F|  |TAMS 0x00000007d6200000, 0x00000007d6200000| Untracked 
|1694|0x00000007d6400000, 0x00000007d6400000, 0x00000007d6600000|  0%| F|  |TAMS 0x00000007d6400000, 0x00000007d6400000| Untracked 
|1695|0x00000007d6600000, 0x00000007d6600000, 0x00000007d6800000|  0%| F|  |TAMS 0x00000007d6600000, 0x00000007d6600000| Untracked 
|1696|0x00000007d6800000, 0x00000007d6800000, 0x00000007d6a00000|  0%| F|  |TAMS 0x00000007d6800000, 0x00000007d6800000| Untracked 
|1697|0x00000007d6a00000, 0x00000007d6a00000, 0x00000007d6c00000|  0%| F|  |TAMS 0x00000007d6a00000, 0x00000007d6a00000| Untracked 
|1698|0x00000007d6c00000, 0x00000007d6c00000, 0x00000007d6e00000|  0%| F|  |TAMS 0x00000007d6c00000, 0x00000007d6c00000| Untracked 
|1699|0x00000007d6e00000, 0x00000007d6e00000, 0x00000007d7000000|  0%| F|  |TAMS 0x00000007d6e00000, 0x00000007d6e00000| Untracked 
|1700|0x00000007d7000000, 0x00000007d7000000, 0x00000007d7200000|  0%| F|  |TAMS 0x00000007d7000000, 0x00000007d7000000| Untracked 
|1701|0x00000007d7200000, 0x00000007d7200000, 0x00000007d7400000|  0%| F|  |TAMS 0x00000007d7200000, 0x00000007d7200000| Untracked 
|1702|0x00000007d7400000, 0x00000007d7400000, 0x00000007d7600000|  0%| F|  |TAMS 0x00000007d7400000, 0x00000007d7400000| Untracked 
|1703|0x00000007d7600000, 0x00000007d7600000, 0x00000007d7800000|  0%| F|  |TAMS 0x00000007d7600000, 0x00000007d7600000| Untracked 
|1704|0x00000007d7800000, 0x00000007d7800000, 0x00000007d7a00000|  0%| F|  |TAMS 0x00000007d7800000, 0x00000007d7800000| Untracked 
|1705|0x00000007d7a00000, 0x00000007d7a00000, 0x00000007d7c00000|  0%| F|  |TAMS 0x00000007d7a00000, 0x00000007d7a00000| Untracked 
|1706|0x00000007d7c00000, 0x00000007d7c00000, 0x00000007d7e00000|  0%| F|  |TAMS 0x00000007d7c00000, 0x00000007d7c00000| Untracked 
|1707|0x00000007d7e00000, 0x00000007d7e00000, 0x00000007d8000000|  0%| F|  |TAMS 0x00000007d7e00000, 0x00000007d7e00000| Untracked 
|1708|0x00000007d8000000, 0x00000007d8000000, 0x00000007d8200000|  0%| F|  |TAMS 0x00000007d8000000, 0x00000007d8000000| Untracked 
|1709|0x00000007d8200000, 0x00000007d8200000, 0x00000007d8400000|  0%| F|  |TAMS 0x00000007d8200000, 0x00000007d8200000| Untracked 
|1710|0x00000007d8400000, 0x00000007d8400000, 0x00000007d8600000|  0%| F|  |TAMS 0x00000007d8400000, 0x00000007d8400000| Untracked 
|1711|0x00000007d8600000, 0x00000007d8600000, 0x00000007d8800000|  0%| F|  |TAMS 0x00000007d8600000, 0x00000007d8600000| Untracked 
|1712|0x00000007d8800000, 0x00000007d8800000, 0x00000007d8a00000|  0%| F|  |TAMS 0x00000007d8800000, 0x00000007d8800000| Untracked 
|1713|0x00000007d8a00000, 0x00000007d8a00000, 0x00000007d8c00000|  0%| F|  |TAMS 0x00000007d8a00000, 0x00000007d8a00000| Untracked 
|1714|0x00000007d8c00000, 0x00000007d8c00000, 0x00000007d8e00000|  0%| F|  |TAMS 0x00000007d8c00000, 0x00000007d8c00000| Untracked 
|1715|0x00000007d8e00000, 0x00000007d8e00000, 0x00000007d9000000|  0%| F|  |TAMS 0x00000007d8e00000, 0x00000007d8e00000| Untracked 
|1716|0x00000007d9000000, 0x00000007d9000000, 0x00000007d9200000|  0%| F|  |TAMS 0x00000007d9000000, 0x00000007d9000000| Untracked 
|1717|0x00000007d9200000, 0x00000007d9200000, 0x00000007d9400000|  0%| F|  |TAMS 0x00000007d9200000, 0x00000007d9200000| Untracked 
|1718|0x00000007d9400000, 0x00000007d9400000, 0x00000007d9600000|  0%| F|  |TAMS 0x00000007d9400000, 0x00000007d9400000| Untracked 
|1719|0x00000007d9600000, 0x00000007d9600000, 0x00000007d9800000|  0%| F|  |TAMS 0x00000007d9600000, 0x00000007d9600000| Untracked 
|1720|0x00000007d9800000, 0x00000007d9800000, 0x00000007d9a00000|  0%| F|  |TAMS 0x00000007d9800000, 0x00000007d9800000| Untracked 
|1721|0x00000007d9a00000, 0x00000007d9a00000, 0x00000007d9c00000|  0%| F|  |TAMS 0x00000007d9a00000, 0x00000007d9a00000| Untracked 
|1722|0x00000007d9c00000, 0x00000007d9c00000, 0x00000007d9e00000|  0%| F|  |TAMS 0x00000007d9c00000, 0x00000007d9c00000| Untracked 
|1723|0x00000007d9e00000, 0x00000007d9e00000, 0x00000007da000000|  0%| F|  |TAMS 0x00000007d9e00000, 0x00000007d9e00000| Untracked 
|1724|0x00000007da000000, 0x00000007da000000, 0x00000007da200000|  0%| F|  |TAMS 0x00000007da000000, 0x00000007da000000| Untracked 
|1725|0x00000007da200000, 0x00000007da200000, 0x00000007da400000|  0%| F|  |TAMS 0x00000007da200000, 0x00000007da200000| Untracked 
|1726|0x00000007da400000, 0x00000007da400000, 0x00000007da600000|  0%| F|  |TAMS 0x00000007da400000, 0x00000007da400000| Untracked 
|1727|0x00000007da600000, 0x00000007da600000, 0x00000007da800000|  0%| F|  |TAMS 0x00000007da600000, 0x00000007da600000| Untracked 
|1728|0x00000007da800000, 0x00000007da800000, 0x00000007daa00000|  0%| F|  |TAMS 0x00000007da800000, 0x00000007da800000| Untracked 
|1729|0x00000007daa00000, 0x00000007daa00000, 0x00000007dac00000|  0%| F|  |TAMS 0x00000007daa00000, 0x00000007daa00000| Untracked 
|1730|0x00000007dac00000, 0x00000007dac00000, 0x00000007dae00000|  0%| F|  |TAMS 0x00000007dac00000, 0x00000007dac00000| Untracked 
|1731|0x00000007dae00000, 0x00000007dae00000, 0x00000007db000000|  0%| F|  |TAMS 0x00000007dae00000, 0x00000007dae00000| Untracked 
|1732|0x00000007db000000, 0x00000007db000000, 0x00000007db200000|  0%| F|  |TAMS 0x00000007db000000, 0x00000007db000000| Untracked 
|1733|0x00000007db200000, 0x00000007db200000, 0x00000007db400000|  0%| F|  |TAMS 0x00000007db200000, 0x00000007db200000| Untracked 
|1734|0x00000007db400000, 0x00000007db400000, 0x00000007db600000|  0%| F|  |TAMS 0x00000007db400000, 0x00000007db400000| Untracked 
|1735|0x00000007db600000, 0x00000007db600000, 0x00000007db800000|  0%| F|  |TAMS 0x00000007db600000, 0x00000007db600000| Untracked 
|1736|0x00000007db800000, 0x00000007db800000, 0x00000007dba00000|  0%| F|  |TAMS 0x00000007db800000, 0x00000007db800000| Untracked 
|1737|0x00000007dba00000, 0x00000007dba00000, 0x00000007dbc00000|  0%| F|  |TAMS 0x00000007dba00000, 0x00000007dba00000| Untracked 
|1738|0x00000007dbc00000, 0x00000007dbc00000, 0x00000007dbe00000|  0%| F|  |TAMS 0x00000007dbc00000, 0x00000007dbc00000| Untracked 
|1739|0x00000007dbe00000, 0x00000007dbe00000, 0x00000007dc000000|  0%| F|  |TAMS 0x00000007dbe00000, 0x00000007dbe00000| Untracked 
|1740|0x00000007dc000000, 0x00000007dc000000, 0x00000007dc200000|  0%| F|  |TAMS 0x00000007dc000000, 0x00000007dc000000| Untracked 
|1741|0x00000007dc200000, 0x00000007dc200000, 0x00000007dc400000|  0%| F|  |TAMS 0x00000007dc200000, 0x00000007dc200000| Untracked 
|1742|0x00000007dc400000, 0x00000007dc400000, 0x00000007dc600000|  0%| F|  |TAMS 0x00000007dc400000, 0x00000007dc400000| Untracked 
|1743|0x00000007dc600000, 0x00000007dc600000, 0x00000007dc800000|  0%| F|  |TAMS 0x00000007dc600000, 0x00000007dc600000| Untracked 
|1744|0x00000007dc800000, 0x00000007dc800000, 0x00000007dca00000|  0%| F|  |TAMS 0x00000007dc800000, 0x00000007dc800000| Untracked 
|1745|0x00000007dca00000, 0x00000007dca00000, 0x00000007dcc00000|  0%| F|  |TAMS 0x00000007dca00000, 0x00000007dca00000| Untracked 
|1746|0x00000007dcc00000, 0x00000007dcc00000, 0x00000007dce00000|  0%| F|  |TAMS 0x00000007dcc00000, 0x00000007dcc00000| Untracked 
|1747|0x00000007dce00000, 0x00000007dce00000, 0x00000007dd000000|  0%| F|  |TAMS 0x00000007dce00000, 0x00000007dce00000| Untracked 
|1748|0x00000007dd000000, 0x00000007dd000000, 0x00000007dd200000|  0%| F|  |TAMS 0x00000007dd000000, 0x00000007dd000000| Untracked 
|1749|0x00000007dd200000, 0x00000007dd200000, 0x00000007dd400000|  0%| F|  |TAMS 0x00000007dd200000, 0x00000007dd200000| Untracked 
|1750|0x00000007dd400000, 0x00000007dd400000, 0x00000007dd600000|  0%| F|  |TAMS 0x00000007dd400000, 0x00000007dd400000| Untracked 
|1751|0x00000007dd600000, 0x00000007dd600000, 0x00000007dd800000|  0%| F|  |TAMS 0x00000007dd600000, 0x00000007dd600000| Untracked 
|1752|0x00000007dd800000, 0x00000007dd800000, 0x00000007dda00000|  0%| F|  |TAMS 0x00000007dd800000, 0x00000007dd800000| Untracked 
|1753|0x00000007dda00000, 0x00000007dda00000, 0x00000007ddc00000|  0%| F|  |TAMS 0x00000007dda00000, 0x00000007dda00000| Untracked 
|1754|0x00000007ddc00000, 0x00000007ddc00000, 0x00000007dde00000|  0%| F|  |TAMS 0x00000007ddc00000, 0x00000007ddc00000| Untracked 
|1755|0x00000007dde00000, 0x00000007dde00000, 0x00000007de000000|  0%| F|  |TAMS 0x00000007dde00000, 0x00000007dde00000| Untracked 
|1756|0x00000007de000000, 0x00000007de000000, 0x00000007de200000|  0%| F|  |TAMS 0x00000007de000000, 0x00000007de000000| Untracked 
|1757|0x00000007de200000, 0x00000007de200000, 0x00000007de400000|  0%| F|  |TAMS 0x00000007de200000, 0x00000007de200000| Untracked 
|1758|0x00000007de400000, 0x00000007de400000, 0x00000007de600000|  0%| F|  |TAMS 0x00000007de400000, 0x00000007de400000| Untracked 
|1759|0x00000007de600000, 0x00000007de600000, 0x00000007de800000|  0%| F|  |TAMS 0x00000007de600000, 0x00000007de600000| Untracked 
|1760|0x00000007de800000, 0x00000007de800000, 0x00000007dea00000|  0%| F|  |TAMS 0x00000007de800000, 0x00000007de800000| Untracked 
|1761|0x00000007dea00000, 0x00000007dea00000, 0x00000007dec00000|  0%| F|  |TAMS 0x00000007dea00000, 0x00000007dea00000| Untracked 
|1762|0x00000007dec00000, 0x00000007dec00000, 0x00000007dee00000|  0%| F|  |TAMS 0x00000007dec00000, 0x00000007dec00000| Untracked 
|1763|0x00000007dee00000, 0x00000007dee00000, 0x00000007df000000|  0%| F|  |TAMS 0x00000007dee00000, 0x00000007dee00000| Untracked 
|1764|0x00000007df000000, 0x00000007df000000, 0x00000007df200000|  0%| F|  |TAMS 0x00000007df000000, 0x00000007df000000| Untracked 
|1765|0x00000007df200000, 0x00000007df200000, 0x00000007df400000|  0%| F|  |TAMS 0x00000007df200000, 0x00000007df200000| Untracked 
|1766|0x00000007df400000, 0x00000007df400000, 0x00000007df600000|  0%| F|  |TAMS 0x00000007df400000, 0x00000007df400000| Untracked 
|1767|0x00000007df600000, 0x00000007df600000, 0x00000007df800000|  0%| F|  |TAMS 0x00000007df600000, 0x00000007df600000| Untracked 
|1768|0x00000007df800000, 0x00000007df800000, 0x00000007dfa00000|  0%| F|  |TAMS 0x00000007df800000, 0x00000007df800000| Untracked 
|1769|0x00000007dfa00000, 0x00000007dfa00000, 0x00000007dfc00000|  0%| F|  |TAMS 0x00000007dfa00000, 0x00000007dfa00000| Untracked 
|1770|0x00000007dfc00000, 0x00000007dfc00000, 0x00000007dfe00000|  0%| F|  |TAMS 0x00000007dfc00000, 0x00000007dfc00000| Untracked 
|1771|0x00000007dfe00000, 0x00000007dfe00000, 0x00000007e0000000|  0%| F|  |TAMS 0x00000007dfe00000, 0x00000007dfe00000| Untracked 
|1772|0x00000007e0000000, 0x00000007e0000000, 0x00000007e0200000|  0%| F|  |TAMS 0x00000007e0000000, 0x00000007e0000000| Untracked 
|1773|0x00000007e0200000, 0x00000007e0200000, 0x00000007e0400000|  0%| F|  |TAMS 0x00000007e0200000, 0x00000007e0200000| Untracked 
|1774|0x00000007e0400000, 0x00000007e0400000, 0x00000007e0600000|  0%| F|  |TAMS 0x00000007e0400000, 0x00000007e0400000| Untracked 
|1775|0x00000007e0600000, 0x00000007e0600000, 0x00000007e0800000|  0%| F|  |TAMS 0x00000007e0600000, 0x00000007e0600000| Untracked 
|1776|0x00000007e0800000, 0x00000007e0800000, 0x00000007e0a00000|  0%| F|  |TAMS 0x00000007e0800000, 0x00000007e0800000| Untracked 

Card table byte_map: [0x000001fbf8140000,0x000001fbf8930000] _byte_map_base: 0x000001fbf492c000

Marking Bits (Prev, Next): (CMBitMap*) 0x000001fbef3d29c0, (CMBitMap*) 0x000001fbef3d2980
 Prev Bits: [0x000001fb8f000000, 0x000001fb92f60000)
 Next Bits: [0x000001fbf9120000, 0x000001fbfd080000)

Polling page: 0x000001fbed530000

Metaspace:

Usage:
  Non-class:    122.00 MB used.
      Class:     22.20 MB used.
       Both:    144.19 MB used.

Virtual space:
  Non-class space:      128.00 MB reserved,     122.94 MB ( 96%) committed,  2 nodes.
      Class space:        1.00 GB reserved,      23.00 MB (  2%) committed,  1 nodes.
             Both:        1.12 GB reserved,     145.94 MB ( 13%) committed. 

Chunk freelists:
   Non-Class:  5.09 MB
       Class:  9.03 MB
        Both:  14.13 MB

MaxMetaspaceSize: unlimited
CompressedClassSpaceSize: 1.00 GB
Initial GC threshold: 21.00 MB
Current GC threshold: 235.12 MB
CDS: on
MetaspaceReclaimPolicy: balanced
 - commit_granule_bytes: 65536.
 - commit_granule_words: 8192.
 - virtual_space_node_default_size: 8388608.
 - enlarge_chunks_in_place: 1.
 - new_chunks_are_fully_committed: 0.
 - uncommit_free_chunks: 1.
 - use_allocation_guard: 0.
 - handle_deallocations: 1.


Internal statistics:

num_allocs_failed_limit: 12.
num_arena_births: 2830.
num_arena_deaths: 28.
num_vsnodes_births: 3.
num_vsnodes_deaths: 0.
num_space_committed: 2329.
num_space_uncommitted: 0.
num_chunks_returned_to_freelist: 52.
num_chunks_taken_from_freelist: 9150.
num_chunk_merges: 26.
num_chunk_splits: 5882.
num_chunks_enlarged: 3875.
num_inconsistent_stats: 0.

CodeHeap 'non-profiled nmethods': size=119168Kb used=19388Kb max_used=19388Kb free=99779Kb
 bounds [0x000001fb87ba0000, 0x000001fb88e90000, 0x000001fb8f000000]
CodeHeap 'profiled nmethods': size=119104Kb used=30503Kb max_used=30949Kb free=88601Kb
 bounds [0x000001fb80000000, 0x000001fb81e70000, 0x000001fb87450000]
CodeHeap 'non-nmethods': size=7488Kb used=3061Kb max_used=4222Kb free=4426Kb
 bounds [0x000001fb87450000, 0x000001fb87880000, 0x000001fb87ba0000]
 total_blobs=20156 nmethods=17982 adapters=2084
 compilation: enabled
              stopped_count=0, restarted_count=0
 full_count=0

Compilation events (20 events):
Event: 38.601 Thread 0x000001fbff59f8c0 nmethod 25018 0x000001fb88e8c210 code [0x000001fb88e8c3a0, 0x000001fb88e8c458]
Event: 38.601 Thread 0x000001fbff59f8c0 25011       4       java.util.stream.Nodes$IntArrayNode::asPrimitiveArray (5 bytes)
Event: 38.601 Thread 0x000001fbff59f8c0 nmethod 25011 0x000001fb88e8c510 code [0x000001fb88e8c6a0, 0x000001fb88e8c758]
Event: 38.601 Thread 0x000001fbff59f8c0 25019       4       java.util.stream.Nodes$IntFixedNodeBuilder::begin (52 bytes)
Event: 38.601 Thread 0x000001fbff59f8c0 nmethod 25019 0x000001fb88e8c810 code [0x000001fb88e8c9a0, 0x000001fb88e8ca58]
Event: 38.601 Thread 0x000001fbff59f8c0 25024       4       java.util.stream.Nodes$IntFixedNodeBuilder::build (5 bytes)
Event: 38.602 Thread 0x000001fbff59f8c0 nmethod 25024 0x000001fb88e8cb10 code [0x000001fb88e8cca0, 0x000001fb88e8cd58]
Event: 38.602 Thread 0x000001fbff59f8c0 24989       4       com.mojang.brigadier.tree.ArgumentCommandNode::hashCode (23 bytes)
Event: 38.604 Thread 0x000001fbff59f8c0 nmethod 24989 0x000001fb88e8ce10 code [0x000001fb88e8cfa0, 0x000001fb88e8d288]
Event: 38.604 Thread 0x000001fbff59f8c0 25114       4       java.lang.invoke.LambdaForm$MH/0x000001fb95222000::linkToTargetMethod (10 bytes)
Event: 38.605 Thread 0x000001fbff59f8c0 nmethod 25114 0x000001fb88e8d490 code [0x000001fb88e8d620, 0x000001fb88e8d6f8]
Event: 38.605 Thread 0x000001fbff59f8c0 25115       4       java.lang.invoke.LambdaForm$DMH/0x000001fb95221c00::newInvokeSpecial (27 bytes)
Event: 38.606 Thread 0x000001fbff59f8c0 nmethod 25115 0x000001fb88e8d810 code [0x000001fb88e8d9a0, 0x000001fb88e8dba8]
Event: 38.606 Thread 0x000001fbff59f8c0 24906       4       com.google.common.collect.ImmutableMap::isEmpty (13 bytes)
Event: 38.606 Thread 0x000001fbff59f8c0 nmethod 24906 0x000001fb88e8dd90 code [0x000001fb88e8df20, 0x000001fb88e8dfd8]
Event: 38.606 Thread 0x000001fbff59f8c0 24936       4       net.minecraft.advancements.Advancement::hashCode (8 bytes)
Event: 38.610 Thread 0x000001fbff59f8c0 nmethod 24936 0x000001fb88e8e090 code [0x000001fb88e8e240, 0x000001fb88e8e6f8]
Event: 38.610 Thread 0x000001fbff59f8c0 25002       4       com.mojang.brigadier.tree.ArgumentCommandNode::equals (59 bytes)
Event: 38.612 Thread 0x000001fbff59f8c0 nmethod 25002 0x000001fb88e8ea10 code [0x000001fb88e8ebc0, 0x000001fb88e8eee8]
Event: 38.612 Thread 0x000001fbff59f8c0 24886       4       net.minecraftforge.registries.NamespacedWrapper::getOptional (12 bytes)

GC Heap History (20 events):
Event: 35.414 GC heap after
{Heap after GC invocations=58 (full 0):
 garbage-first heap   total 2318336K, used 1069538K [0x0000000702800000, 0x0000000800000000)
  region size 2048K, 44 young (90112K), 44 survivors (90112K)
 Metaspace       used 142581K, committed 144320K, reserved 1179648K
  class space    used 21935K, committed 22720K, reserved 1048576K
}
Event: 35.444 GC heap before
{Heap before GC invocations=58 (full 0):
 garbage-first heap   total 2318336K, used 1094114K [0x0000000702800000, 0x0000000800000000)
  region size 2048K, 56 young (114688K), 44 survivors (90112K)
 Metaspace       used 142584K, committed 144320K, reserved 1179648K
  class space    used 21936K, committed 22720K, reserved 1048576K
}
Event: 35.473 GC heap after
{Heap after GC invocations=59 (full 0):
 garbage-first heap   total 2318336K, used 1073108K [0x0000000702800000, 0x0000000800000000)
  region size 2048K, 7 young (14336K), 7 survivors (14336K)
 Metaspace       used 142584K, committed 144320K, reserved 1179648K
  class space    used 21936K, committed 22720K, reserved 1048576K
}
Event: 35.735 GC heap before
{Heap before GC invocations=59 (full 0):
 garbage-first heap   total 2318336K, used 1699796K [0x0000000702800000, 0x0000000800000000)
  region size 2048K, 313 young (641024K), 7 survivors (14336K)
 Metaspace       used 142590K, committed 144320K, reserved 1179648K
  class space    used 21936K, committed 22720K, reserved 1048576K
}
Event: 35.883 GC heap after
{Heap after GC invocations=60 (full 0):
 garbage-first heap   total 2318336K, used 1463269K [0x0000000702800000, 0x0000000800000000)
  region size 2048K, 40 young (81920K), 40 survivors (81920K)
 Metaspace       used 142590K, committed 144320K, reserved 1179648K
  class space    used 21936K, committed 22720K, reserved 1048576K
}
Event: 36.003 GC heap before
{Heap before GC invocations=60 (full 0):
 garbage-first heap   total 2318336K, used 1764325K [0x0000000702800000, 0x0000000800000000)
  region size 2048K, 187 young (382976K), 40 survivors (81920K)
 Metaspace       used 142591K, committed 144320K, reserved 1179648K
  class space    used 21936K, committed 22720K, reserved 1048576K
}
Event: 36.103 GC heap after
{Heap after GC invocations=61 (full 0):
 garbage-first heap   total 2318336K, used 1653760K [0x0000000702800000, 0x0000000800000000)
  region size 2048K, 24 young (49152K), 24 survivors (49152K)
 Metaspace       used 142591K, committed 144320K, reserved 1179648K
  class space    used 21936K, committed 22720K, reserved 1048576K
}
Event: 36.181 GC heap before
{Heap before GC invocations=61 (full 0):
 garbage-first heap   total 2318336K, used 1840128K [0x0000000702800000, 0x0000000800000000)
  region size 2048K, 115 young (235520K), 24 survivors (49152K)
 Metaspace       used 142593K, committed 144320K, reserved 1179648K
  class space    used 21936K, committed 22720K, reserved 1048576K
}
Event: 36.236 GC heap after
{Heap after GC invocations=62 (full 0):
 garbage-first heap   total 2318336K, used 1775616K [0x0000000702800000, 0x0000000800000000)
  region size 2048K, 15 young (30720K), 15 survivors (30720K)
 Metaspace       used 142593K, committed 144320K, reserved 1179648K
  class space    used 21936K, committed 22720K, reserved 1048576K
}
Event: 36.295 GC heap before
{Heap before GC invocations=62 (full 0):
 garbage-first heap   total 2318336K, used 1904640K [0x0000000702800000, 0x0000000800000000)
  region size 2048K, 78 young (159744K), 15 survivors (30720K)
 Metaspace       used 142593K, committed 144320K, reserved 1179648K
  class space    used 21936K, committed 22720K, reserved 1048576K
}
Event: 36.596 GC heap after
{Heap after GC invocations=63 (full 0):
 garbage-first heap   total 3053568K, used 1862656K [0x0000000702800000, 0x0000000800000000)
  region size 2048K, 10 young (20480K), 10 survivors (20480K)
 Metaspace       used 142593K, committed 144320K, reserved 1179648K
  class space    used 21936K, committed 22720K, reserved 1048576K
}
Event: 36.754 GC heap before
{Heap before GC invocations=63 (full 0):
 garbage-first heap   total 3053568K, used 1993728K [0x0000000702800000, 0x0000000800000000)
  region size 2048K, 74 young (151552K), 10 survivors (20480K)
 Metaspace       used 142593K, committed 144320K, reserved 1179648K
  class space    used 21936K, committed 22720K, reserved 1048576K
}
Event: 36.790 GC heap after
{Heap after GC invocations=64 (full 0):
 garbage-first heap   total 3053568K, used 1951744K [0x0000000702800000, 0x0000000800000000)
  region size 2048K, 10 young (20480K), 10 survivors (20480K)
 Metaspace       used 142593K, committed 144320K, reserved 1179648K
  class space    used 21936K, committed 22720K, reserved 1048576K
}
Event: 37.050 GC heap before
{Heap before GC invocations=64 (full 0):
 garbage-first heap   total 3053568K, used 2291712K [0x0000000702800000, 0x0000000800000000)
  region size 2048K, 176 young (360448K), 10 survivors (20480K)
 Metaspace       used 142607K, committed 144384K, reserved 1179648K
  class space    used 21939K, committed 22720K, reserved 1048576K
}
Event: 37.125 GC heap after
{Heap after GC invocations=65 (full 0):
 garbage-first heap   total 3053568K, used 2170880K [0x0000000702800000, 0x0000000800000000)
  region size 2048K, 22 young (45056K), 22 survivors (45056K)
 Metaspace       used 142607K, committed 144384K, reserved 1179648K
  class space    used 21939K, committed 22720K, reserved 1048576K
}
Event: 37.519 GC heap before
{Heap before GC invocations=66 (full 0):
 garbage-first heap   total 3639296K, used 2408448K [0x0000000702800000, 0x0000000800000000)
  region size 2048K, 138 young (282624K), 22 survivors (45056K)
 Metaspace       used 144432K, committed 146176K, reserved 1179648K
  class space    used 22184K, committed 22976K, reserved 1048576K
}
Event: 37.551 GC heap after
{Heap after GC invocations=67 (full 0):
 garbage-first heap   total 3639296K, used 2264064K [0x0000000702800000, 0x0000000800000000)
  region size 2048K, 18 young (36864K), 18 survivors (36864K)
 Metaspace       used 144432K, committed 146176K, reserved 1179648K
  class space    used 22184K, committed 22976K, reserved 1048576K
}
Event: 37.694 GC heap before
{Heap before GC invocations=67 (full 0):
 garbage-first heap   total 3639296K, used 2405376K [0x0000000702800000, 0x0000000800000000)
  region size 2048K, 88 young (180224K), 18 survivors (36864K)
 Metaspace       used 145442K, committed 147200K, reserved 1179648K
  class space    used 22368K, committed 23168K, reserved 1048576K
}
Event: 37.711 GC heap after
{Heap after GC invocations=68 (full 0):
 garbage-first heap   total 3639296K, used 2022400K [0x0000000702800000, 0x0000000800000000)
  region size 2048K, 11 young (22528K), 11 survivors (22528K)
 Metaspace       used 145442K, committed 147200K, reserved 1179648K
  class space    used 22368K, committed 23168K, reserved 1048576K
}
Event: 38.667 GC heap before
{Heap before GC invocations=68 (full 0):
 garbage-first heap   total 3639296K, used 2612224K [0x0000000702800000, 0x0000000800000000)
  region size 2048K, 297 young (608256K), 11 survivors (22528K)
 Metaspace       used 147655K, committed 149440K, reserved 1179648K
  class space    used 22729K, committed 23552K, reserved 1048576K
}

Dll operation events (16 events):
Event: 0.007 Loaded shared library C:\Program Files\Eclipse Adoptium\jdk-17.0.17.10-hotspot\bin\java.dll
Event: 0.020 Loaded shared library C:\Program Files\Eclipse Adoptium\jdk-17.0.17.10-hotspot\bin\jsvml.dll
Event: 0.095 Loaded shared library C:\Program Files\Eclipse Adoptium\jdk-17.0.17.10-hotspot\bin\net.dll
Event: 0.096 Loaded shared library C:\Program Files\Eclipse Adoptium\jdk-17.0.17.10-hotspot\bin\nio.dll
Event: 0.098 Loaded shared library C:\Program Files\Eclipse Adoptium\jdk-17.0.17.10-hotspot\bin\zip.dll
Event: 0.144 Loaded shared library C:\Program Files\Eclipse Adoptium\jdk-17.0.17.10-hotspot\bin\jimage.dll
Event: 0.398 Loaded shared library C:\Program Files\Eclipse Adoptium\jdk-17.0.17.10-hotspot\bin\verify.dll
Event: 1.796 Loaded shared library C:\Program Files\Eclipse Adoptium\jdk-17.0.17.10-hotspot\bin\management.dll
Event: 1.800 Loaded shared library C:\Program Files\Eclipse Adoptium\jdk-17.0.17.10-hotspot\bin\management_ext.dll
Event: 2.531 Loaded shared library C:\Users\Utilisateur\AppData\Local\Temp\lwjglUtilisateur\3.3.1-build-7\lwjgl.dll
Event: 2.857 Loaded shared library C:\Users\Utilisateur\AppData\Local\Temp\lwjglUtilisateur\3.3.1-build-7\lwjgl_stb.dll
Event: 2.918 Loaded shared library C:\Users\Utilisateur\AppData\Local\Temp\lwjglUtilisateur\3.3.1-build-7\lwjgl_opengl.dll
Event: 8.196 Loaded shared library C:\Users\Utilisateur\AppData\Local\Temp\jna-1082121059\jna17725892220550122580.dll
Event: 14.504 Loaded shared library C:\Program Files\Eclipse Adoptium\jdk-17.0.17.10-hotspot\bin\sunmscapi.dll
Event: 14.705 Loaded shared library C:\Program Files\Eclipse Adoptium\jdk-17.0.17.10-hotspot\bin\extnet.dll
Event: 35.277 Loaded shared library C:\Program Files\Eclipse Adoptium\jdk-17.0.17.10-hotspot\bin\awt.dll

Deoptimization events (20 events):
Event: 38.561 Thread 0x000001fbe8a2f800 DEOPT PACKING pc=0x000001fb81c357b6 sp=0x000000c5544feeb0
Event: 38.561 Thread 0x000001fbe8a2f800 DEOPT UNPACKING pc=0x000001fb874a7143 sp=0x000000c5544fe3f0 mode 0
Event: 38.562 Thread 0x000001fbe787fa80 DEOPT PACKING pc=0x000001fb81c357b6 sp=0x000000c5540fed40
Event: 38.562 Thread 0x000001fbe787fa80 DEOPT UNPACKING pc=0x000001fb874a7143 sp=0x000000c5540fe280 mode 0
Event: 38.563 Thread 0x000001fbe8a6f6a0 DEOPT PACKING pc=0x000001fb81c357b6 sp=0x000000c553cff190
Event: 38.563 Thread 0x000001fbe8a6f6a0 DEOPT UNPACKING pc=0x000001fb874a7143 sp=0x000000c553cfe6d0 mode 0
Event: 38.564 Thread 0x000001fbe8a31150 DEOPT PACKING pc=0x000001fb81c357b6 sp=0x000000c5549feee0
Event: 38.564 Thread 0x000001fbe8a31150 DEOPT UNPACKING pc=0x000001fb874a7143 sp=0x000000c5549fe420 mode 0
Event: 38.566 Thread 0x000001fbdff992d0 DEOPT PACKING pc=0x000001fb81c357b6 sp=0x000000c553fff270
Event: 38.566 Thread 0x000001fbdff992d0 DEOPT UNPACKING pc=0x000001fb874a7143 sp=0x000000c553ffe7b0 mode 0
Event: 38.567 Thread 0x000001fbe8a339d0 DEOPT PACKING pc=0x000001fb81c357b6 sp=0x000000c554fff3b0
Event: 38.567 Thread 0x000001fbe8a339d0 DEOPT UNPACKING pc=0x000001fb874a7143 sp=0x000000c554ffe8f0 mode 0
Event: 38.567 Thread 0x000001fbe8a6fbb0 DEOPT PACKING pc=0x000001fb81c357b6 sp=0x000000c553eff230
Event: 38.567 Thread 0x000001fbe8a6fbb0 DEOPT UNPACKING pc=0x000001fb874a7143 sp=0x000000c553efe770 mode 0
Event: 38.568 Thread 0x000001fbe8a6dd50 DEOPT PACKING pc=0x000001fb81c357b6 sp=0x000000c5523feda0
Event: 38.568 Thread 0x000001fbe8a6dd50 DEOPT UNPACKING pc=0x000001fb874a7143 sp=0x000000c5523fe2e0 mode 0
Event: 38.569 Thread 0x000001fbe8a2f800 DEOPT PACKING pc=0x000001fb81c357b6 sp=0x000000c5544feeb0
Event: 38.569 Thread 0x000001fbe8a2f800 DEOPT UNPACKING pc=0x000001fb874a7143 sp=0x000000c5544fe3f0 mode 0
Event: 38.570 Thread 0x000001fbe8a6f6a0 DEOPT PACKING pc=0x000001fb81c357b6 sp=0x000000c553cff190
Event: 38.570 Thread 0x000001fbe8a6f6a0 DEOPT UNPACKING pc=0x000001fb874a7143 sp=0x000000c553cfe6d0 mode 0

Classes loaded (20 events):
Event: 37.471 Loading class java/nio/channels/NotYetConnectedException
Event: 37.471 Loading class java/nio/channels/NotYetConnectedException done
Event: 37.474 Loading class java/util/concurrent/atomic/AtomicLongFieldUpdater
Event: 37.475 Loading class java/util/concurrent/atomic/AtomicLongFieldUpdater done
Event: 37.475 Loading class java/util/concurrent/atomic/AtomicLongFieldUpdater$CASUpdater
Event: 37.475 Loading class java/util/concurrent/atomic/AtomicLongFieldUpdater$CASUpdater done
Event: 37.475 Loading class java/util/concurrent/atomic/AtomicLongFieldUpdater$CASUpdater$1
Event: 37.476 Loading class java/util/concurrent/atomic/AtomicLongFieldUpdater$CASUpdater$1 done
Event: 37.566 Loading class java/nio/channels/AlreadyConnectedException
Event: 37.567 Loading class java/nio/channels/AlreadyConnectedException done
Event: 37.567 Loading class java/nio/channels/ConnectionPendingException
Event: 37.568 Loading class java/nio/channels/ConnectionPendingException done
Event: 37.578 Loading class java/nio/channels/UnsupportedAddressTypeException
Event: 37.579 Loading class java/nio/channels/UnsupportedAddressTypeException done
Event: 38.187 Loading class java/lang/Math$RandomNumberGeneratorHolder
Event: 38.187 Loading class java/lang/Math$RandomNumberGeneratorHolder done
Event: 38.271 Loading class java/util/IdentityHashMap$EntrySpliterator
Event: 38.273 Loading class java/util/IdentityHashMap$EntrySpliterator done
Event: 38.341 Loading class java/util/concurrent/PriorityBlockingQueue
Event: 38.342 Loading class java/util/concurrent/PriorityBlockingQueue done

Classes unloaded (14 events):
Event: 17.039 Thread 0x000001fbff57a010 Unloading class 0x000001fb95c19c00 'java/lang/invoke/LambdaForm$DMH+0x000001fb95c19c00'
Event: 33.922 Thread 0x000001fbff57a010 Unloading class 0x000001fb9642c400 'java/lang/invoke/LambdaForm$DMH+0x000001fb9642c400'
Event: 33.922 Thread 0x000001fbff57a010 Unloading class 0x000001fb9642c800 'java/lang/invoke/LambdaForm$DMH+0x000001fb9642c800'
Event: 33.922 Thread 0x000001fbff57a010 Unloading class 0x000001fb9627a800 'java/lang/invoke/LambdaForm$DMH+0x000001fb9627a800'
Event: 33.922 Thread 0x000001fbff57a010 Unloading class 0x000001fb9627a400 'java/lang/invoke/LambdaForm$DMH+0x000001fb9627a400'
Event: 33.922 Thread 0x000001fbff57a010 Unloading class 0x000001fb9627a000 'java/lang/invoke/LambdaForm$DMH+0x000001fb9627a000'
Event: 33.922 Thread 0x000001fbff57a010 Unloading class 0x000001fb96279c00 'java/lang/invoke/LambdaForm$DMH+0x000001fb96279c00'
Event: 33.922 Thread 0x000001fbff57a010 Unloading class 0x000001fb96279400 'java/lang/invoke/LambdaForm$DMH+0x000001fb96279400'
Event: 33.922 Thread 0x000001fbff57a010 Unloading class 0x000001fb96279800 'java/lang/invoke/LambdaForm$DMH+0x000001fb96279800'
Event: 33.922 Thread 0x000001fbff57a010 Unloading class 0x000001fb96278c00 'java/lang/invoke/LambdaForm$DMH+0x000001fb96278c00'
Event: 33.922 Thread 0x000001fbff57a010 Unloading class 0x000001fb96279000 'java/lang/invoke/LambdaForm$DMH+0x000001fb96279000'
Event: 33.922 Thread 0x000001fbff57a010 Unloading class 0x000001fb96278800 'java/lang/invoke/LambdaForm$DMH+0x000001fb96278800'
Event: 33.922 Thread 0x000001fbff57a010 Unloading class 0x000001fb9624cc00 'java/lang/invoke/LambdaForm$DMH+0x000001fb9624cc00'
Event: 33.922 Thread 0x000001fbff57a010 Unloading class 0x000001fb9624c800 'java/lang/invoke/LambdaForm$DMH+0x000001fb9624c800'

Classes redefined (0 events):
No events

Internal exceptions (20 events):
Event: 37.329 Thread 0x000001fbe8a35830 Exception <a 'sun/nio/fs/WindowsException'{0x00000007db04ecf0}> (0x00000007db04ecf0) 
thrown [s\src\hotspot\share\prims\jni.cpp, line 516]
Event: 37.407 Thread 0x000001fbef365e40 Exception <a 'java/lang/NoSuchMethodError'{0x00000007d815d3f8}: 'java.lang.Object java.lang.invoke.DirectMethodHandle$Holder.invokeStatic(java.lang.Object, java.lang.Object, long, java.lang.Object)'> (0x00000007d815d3f8) 
thrown [s\src\hotspot\share\interpreter\linkResolver.cpp, line 759]
Event: 37.407 Thread 0x000001fbef365e40 Exception <a 'java/lang/NoSuchMethodError'{0x00000007d81610d0}: 'java.lang.Object java.lang.invoke.DirectMethodHandle$Holder.invokeStaticInit(java.lang.Object, java.lang.Object, long, java.lang.Object)'> (0x00000007d81610d0) 
thrown [s\src\hotspot\share\interpreter\linkResolver.cpp, line 759]
Event: 37.432 Thread 0x000001fbe8a35830 Exception <a 'sun/nio/fs/WindowsException'{0x00000007d71d4d68}> (0x00000007d71d4d68) 
thrown [s\src\hotspot\share\prims\jni.cpp, line 516]
Event: 37.599 Thread 0x000001fbdff53480 Exception <a 'sun/nio/fs/WindowsException'{0x00000007de179d98}> (0x00000007de179d98) 
thrown [s\src\hotspot\share\prims\jni.cpp, line 516]
Event: 37.742 Thread 0x000001fbdff501e0 Exception <a 'sun/nio/fs/WindowsException'{0x00000007df074bf0}> (0x00000007df074bf0) 
thrown [s\src\hotspot\share\prims\jni.cpp, line 516]
Event: 37.767 Thread 0x000001fbdff53480 Exception <a 'sun/nio/fs/WindowsException'{0x00000007dd7a2890}> (0x00000007dd7a2890) 
thrown [s\src\hotspot\share\prims\jni.cpp, line 516]
Event: 37.775 Thread 0x000001fbdff53480 Exception <a 'sun/nio/fs/WindowsException'{0x00000007dcc9ab48}> (0x00000007dcc9ab48) 
thrown [s\src\hotspot\share\prims\jni.cpp, line 516]
Event: 37.861 Thread 0x000001fbdff53ea0 Exception <a 'sun/nio/fs/WindowsException'{0x00000007d8d77488}> (0x00000007d8d77488) 
thrown [s\src\hotspot\share\prims\jni.cpp, line 516]
Event: 37.944 Thread 0x000001fbdff53480 Exception <a 'sun/nio/fs/WindowsException'{0x00000007d23e1948}> (0x00000007d23e1948) 
thrown [s\src\hotspot\share\prims\jni.cpp, line 516]
Event: 37.957 Thread 0x000001fbe8a35830 Exception <a 'sun/nio/fs/WindowsException'{0x00000007d17dbb08}> (0x00000007d17dbb08) 
thrown [s\src\hotspot\share\prims\jni.cpp, line 516]
Event: 38.063 Thread 0x000001fbdff53480 Exception <a 'sun/nio/fs/WindowsException'{0x00000007cb878568}> (0x00000007cb878568) 
thrown [s\src\hotspot\share\prims\jni.cpp, line 516]
Event: 38.214 Thread 0x000001fbdff51620 Exception <a 'java/lang/IncompatibleClassChangeError'{0x00000007c5778898}: Found class java.lang.Object, but interface was expected> (0x00000007c5778898) 
thrown [s\src\hotspot\share\interpreter\linkResolver.cpp, line 826]
Event: 38.313 Thread 0x000001fbef365e40 Exception <a 'java/lang/NoSuchMethodError'{0x00000007c4b4a298}: 'int java.lang.invoke.DirectMethodHandle$Holder.invokeStatic(java.lang.Object, java.lang.Object, double, double)'> (0x00000007c4b4a298) 
thrown [s\src\hotspot\share\interpreter\linkResolver.cpp, line 759]
Event: 38.314 Thread 0x000001fbef365e40 Exception <a 'java/lang/NoSuchMethodError'{0x00000007c4b4d978}: 'int java.lang.invoke.DirectMethodHandle$Holder.invokeStaticInit(java.lang.Object, java.lang.Object, double, double)'> (0x00000007c4b4d978) 
thrown [s\src\hotspot\share\interpreter\linkResolver.cpp, line 759]
Event: 38.355 Thread 0x000001fbdff51620 Exception <a 'java/lang/NoSuchMethodError'{0x00000007c479aa80}: 'java.lang.Object java.lang.invoke.DirectMethodHandle$Holder.newInvokeSpecial(java.lang.Object, java.lang.Object, java.lang.Object, int, int, int)'> (0x00000007c479aa80) 
thrown [s\src\hotspot\share\interpreter\linkResolver.cpp, line 759]
Event: 38.355 Thread 0x000001fbdff51620 Exception <a 'java/lang/NoSuchMethodError'{0x00000007c47a2340}: 'java.lang.Object java.lang.invoke.Invokers$Holder.linkToTargetMethod(java.lang.Object, java.lang.Object, int, int, int, java.lang.Object)'> (0x00000007c47a2340) 
thrown [s\src\hotspot\share\interpreter\linkResolver.cpp, line 759]
Event: 38.415 Thread 0x000001fbdff51620 Exception <a 'java/lang/NoSuchMethodError'{0x00000007c45a16c0}: 'java.lang.Object java.lang.invoke.DirectMethodHandle$Holder.newInvokeSpecial(java.lang.Object, java.lang.Object, long, java.lang.Object)'> (0x00000007c45a16c0) 
thrown [s\src\hotspot\share\interpreter\linkResolver.cpp, line 759]
Event: 38.425 Thread 0x000001fbdff51620 Exception <a 'java/lang/NoSuchMethodError'{0x00000007c45a5790}: 'java.lang.Object java.lang.invoke.DirectMethodHandle$Holder.invokeSpecial(java.lang.Object, java.lang.Object, java.lang.Object, long, java.lang.Object)'> (0x00000007c45a5790) 
thrown [s\src\hotspot\share\interpreter\linkResolver.cpp, line 759]
Event: 38.425 Thread 0x000001fbdff51620 Exception <a 'java/lang/NoSuchMethodError'{0x00000007c45a9318}: 'java.lang.Object java.lang.invoke.Invokers$Holder.linkToTargetMethod(java.lang.Object, long, java.lang.Object, java.lang.Object)'> (0x00000007c45a9318) 
thrown [s\src\hotspot\share\interpreter\linkResolver.cpp, line 759]

VM Operations (20 events):
Event: 37.551 Executing VM operation: G1CollectForAllocation done
Event: 37.694 Executing VM operation: G1CollectForAllocation
Event: 37.711 Executing VM operation: G1CollectForAllocation done
Event: 37.799 Executing VM operation: HandshakeAllThreads
Event: 37.799 Executing VM operation: HandshakeAllThreads done
Event: 38.157 Executing VM operation: HandshakeAllThreads
Event: 38.157 Executing VM operation: HandshakeAllThreads done
Event: 38.249 Executing VM operation: HandshakeAllThreads
Event: 38.249 Executing VM operation: HandshakeAllThreads done
Event: 38.287 Executing VM operation: ICBufferFull
Event: 38.288 Executing VM operation: ICBufferFull done
Event: 38.308 Executing VM operation: HandshakeAllThreads
Event: 38.308 Executing VM operation: HandshakeAllThreads done
Event: 38.321 Executing VM operation: HandshakeAllThreads
Event: 38.321 Executing VM operation: HandshakeAllThreads done
Event: 38.325 Executing VM operation: HandshakeAllThreads
Event: 38.325 Executing VM operation: HandshakeAllThreads done
Event: 38.331 Executing VM operation: HandshakeAllThreads
Event: 38.331 Executing VM operation: HandshakeAllThreads done
Event: 38.626 Executing VM operation: G1CollectForAllocation

Memory protections (0 events):
No events

Nmethod flushes (20 events):
Event: 38.187 Thread 0x000001fb93429fc0 flushing  nmethod 0x000001fb81b68290
Event: 38.187 Thread 0x000001fb93429fc0 flushing  nmethod 0x000001fb81b6a790
Event: 38.187 Thread 0x000001fb93429fc0 flushing  nmethod 0x000001fb81c1ec90
Event: 38.187 Thread 0x000001fb93429fc0 flushing  nmethod 0x000001fb81c4a410
Event: 38.187 Thread 0x000001fb93429fc0 flushing  nmethod 0x000001fb81c4fd90
Event: 38.187 Thread 0x000001fb93429fc0 flushing  nmethod 0x000001fb81c56990
Event: 38.188 Thread 0x000001fb93429fc0 flushing  nmethod 0x000001fb81d10f10
Event: 38.188 Thread 0x000001fb93429fc0 flushing  nmethod 0x000001fb81d53f90
Event: 38.188 Thread 0x000001fb93429fc0 flushing  nmethod 0x000001fb81d56290
Event: 38.188 Thread 0x000001fb93429fc0 flushing  nmethod 0x000001fb81d5ca10
Event: 38.188 Thread 0x000001fb93429fc0 flushing  nmethod 0x000001fb81d64f10
Event: 38.188 Thread 0x000001fb93429fc0 flushing  nmethod 0x000001fb81d6ba10
Event: 38.188 Thread 0x000001fb93429fc0 flushing  nmethod 0x000001fb81d90190
Event: 38.188 Thread 0x000001fb93429fc0 flushing  nmethod 0x000001fb81d93c90
Event: 38.188 Thread 0x000001fb93429fc0 flushing  nmethod 0x000001fb81da9490
Event: 38.188 Thread 0x000001fb93429fc0 flushing osr nmethod 0x000001fb81da9a10
Event: 38.188 Thread 0x000001fb93429fc0 flushing  nmethod 0x000001fb81df9590
Event: 38.188 Thread 0x000001fb93429fc0 flushing  nmethod 0x000001fb81e1c210
Event: 38.188 Thread 0x000001fb93429fc0 flushing  nmethod 0x000001fb81e1f090
Event: 38.188 Thread 0x000001fb93429fc0 flushing  nmethod 0x000001fb81e2aa10

Events (20 events):
Event: 33.348 Thread 0x000001fbe8a35830 Thread added: 0x000001fbdff53480
Event: 33.801 Thread 0x000001fbde3fa920 Thread exited: 0x000001fbde3fa920
Event: 33.801 Thread 0x000001fbde3f8e90 Thread exited: 0x000001fbde3f8e90
Event: 33.809 Thread 0x000001fbdc4abc60 Thread added: 0x000001fbde3f9930
Event: 33.809 Thread 0x000001fbdc4abc60 Thread added: 0x000001fbde3fc3b0
Event: 33.842 Thread 0x000001fbdff53480 Thread added: 0x000001fbdff501e0
Event: 33.935 Thread 0x000001fbdff53480 Thread added: 0x000001fbdff53ea0
Event: 33.938 Thread 0x000001fbe8a35d40 Thread exited: 0x000001fbe8a35d40
Event: 33.938 Thread 0x000001fbe8a36250 Thread exited: 0x000001fbe8a36250
Event: 33.938 Thread 0x000001fbe8a34900 Thread exited: 0x000001fbe8a34900
Event: 35.293 Thread 0x000001fbdff51620 Thread added: 0x000001fbdff57650
Event: 36.681 Thread 0x000001fbdc4abc60 Thread exited: 0x000001fbdc4abc60
Event: 36.807 Thread 0x000001fbdc4af6d0 Thread exited: 0x000001fbdc4af6d0
Event: 36.855 Thread 0x000001fbde3fc3b0 Thread exited: 0x000001fbde3fc3b0
Event: 37.517 Thread 0x000001fbef365e40 Thread added: 0x000001fbdff552e0
Event: 37.571 Thread 0x000001fbef365e40 Thread added: 0x000001fbdff543b0
Event: 37.582 Thread 0x000001fbdff552e0 Thread added: 0x000001fbdff56720
Event: 37.758 Thread 0x000001fbdff53ea0 Thread added: 0x000001fbdff548c0
Event: 38.332 Thread 0x000001fbdff50c00 Thread exited: 0x000001fbdff50c00
Event: 38.332 Thread 0x000001fbef365e40 Thread added: 0x000001fbdff50c00


Dynamic libraries:
0x00007ff709f60000 - 0x00007ff709f6e000 	C:\Program Files\Eclipse Adoptium\jdk-17.0.17.10-hotspot\bin\java.exe
0x00007ffa5a740000 - 0x00007ffa5a9a7000 	C:\WINDOWS\SYSTEM32\ntdll.dll
0x00007ffa58c20000 - 0x00007ffa58ce9000 	C:\WINDOWS\System32\KERNEL32.DLL
0x00007ffa57350000 - 0x00007ffa57747000 	C:\WINDOWS\System32\KERNELBASE.dll
0x00007ffa581c0000 - 0x00007ffa5830b000 	C:\WINDOWS\System32\ucrtbase.dll
0x00007ffa1aa70000 - 0x00007ffa1aa88000 	C:\Program Files\Eclipse Adoptium\jdk-17.0.17.10-hotspot\bin\jli.dll
0x00007ff9ef380000 - 0x00007ff9ef39e000 	C:\Program Files\Eclipse Adoptium\jdk-17.0.17.10-hotspot\bin\VCRUNTIME140.dll
0x00007ffa58870000 - 0x00007ffa58a36000 	C:\WINDOWS\System32\USER32.dll
0x00007ffa58490000 - 0x00007ffa584b7000 	C:\WINDOWS\System32\win32u.dll
0x00007ffa3c770000 - 0x00007ffa3ca02000 	C:\WINDOWS\WinSxS\amd64_microsoft.windows.common-controls_6595b64144ccf1df_6.0.26100.8457_none_3e0b2faee331e92d\COMCTL32.dll
0x00007ffa592d0000 - 0x00007ffa592fb000 	C:\WINDOWS\System32\GDI32.dll
0x00007ffa58d90000 - 0x00007ffa58e39000 	C:\WINDOWS\System32\msvcrt.dll
0x00007ffa57220000 - 0x00007ffa5734c000 	C:\WINDOWS\System32\gdi32full.dll
0x00007ffa57170000 - 0x00007ffa57213000 	C:\WINDOWS\System32\msvcp_win.dll
0x00007ffa587a0000 - 0x00007ffa587d2000 	C:\WINDOWS\System32\IMM32.DLL
0x00007ffa23160000 - 0x00007ffa2316c000 	C:\Program Files\Eclipse Adoptium\jdk-17.0.17.10-hotspot\bin\vcruntime140_1.dll
0x00007ff9ed920000 - 0x00007ff9ed9ad000 	C:\Program Files\Eclipse Adoptium\jdk-17.0.17.10-hotspot\bin\msvcp140.dll
0x00007ff971fc0000 - 0x00007ff972c2b000 	C:\Program Files\Eclipse Adoptium\jdk-17.0.17.10-hotspot\bin\server\jvm.dll
0x00007ffa59f70000 - 0x00007ffa5a026000 	C:\WINDOWS\System32\ADVAPI32.dll
0x00007ffa59360000 - 0x00007ffa59407000 	C:\WINDOWS\System32\sechost.dll
0x00007ffa59e50000 - 0x00007ffa59f68000 	C:\WINDOWS\System32\RPCRT4.dll
0x00007ffa587e0000 - 0x00007ffa58860000 	C:\WINDOWS\System32\WS2_32.dll
0x00007ffa56e20000 - 0x00007ffa56e7e000 	C:\WINDOWS\SYSTEM32\POWRPROF.dll
0x00007ffa4aac0000 - 0x00007ffa4aaf6000 	C:\WINDOWS\SYSTEM32\WINMM.dll
0x00007ffa50d10000 - 0x00007ffa50d1b000 	C:\WINDOWS\SYSTEM32\VERSION.dll
0x00007ffa56e00000 - 0x00007ffa56e14000 	C:\WINDOWS\SYSTEM32\UMPDC.dll
0x00007ffa55ec0000 - 0x00007ffa55edb000 	C:\WINDOWS\SYSTEM32\kernel.appcore.dll
0x00007ffa1aa60000 - 0x00007ffa1aa6a000 	C:\Program Files\Eclipse Adoptium\jdk-17.0.17.10-hotspot\bin\jimage.dll
0x00007ffa41410000 - 0x00007ffa41652000 	C:\WINDOWS\SYSTEM32\DBGHELP.DLL
0x00007ffa5a290000 - 0x00007ffa5a613000 	C:\WINDOWS\System32\combase.dll
0x00007ffa59410000 - 0x00007ffa594e9000 	C:\WINDOWS\System32\OLEAUT32.dll
0x00007ffa38cb0000 - 0x00007ffa38ceb000 	C:\WINDOWS\SYSTEM32\dbgcore.DLL
0x00007ffa57750000 - 0x00007ffa577f8000 	C:\WINDOWS\System32\bcryptPrimitives.dll
0x00007ff9ef350000 - 0x00007ff9ef375000 	C:\Program Files\Eclipse Adoptium\jdk-17.0.17.10-hotspot\bin\java.dll
0x00007ff97dbb0000 - 0x00007ff97dc87000 	C:\Program Files\Eclipse Adoptium\jdk-17.0.17.10-hotspot\bin\jsvml.dll
0x00007ffa59570000 - 0x00007ffa59cde000 	C:\WINDOWS\System32\SHELL32.dll
0x00007ffa57890000 - 0x00007ffa580fc000 	C:\WINDOWS\System32\windows.storage.dll
0x00007ffa5a190000 - 0x00007ffa5a286000 	C:\WINDOWS\System32\SHCORE.dll
0x00007ffa59500000 - 0x00007ffa59566000 	C:\WINDOWS\System32\shlwapi.dll
0x00007ffa57090000 - 0x00007ffa570b9000 	C:\WINDOWS\SYSTEM32\profapi.dll
0x00007ff9ef330000 - 0x00007ff9ef34a000 	C:\Program Files\Eclipse Adoptium\jdk-17.0.17.10-hotspot\bin\net.dll
0x00007ffa51820000 - 0x00007ffa51949000 	C:\WINDOWS\SYSTEM32\WINHTTP.dll
0x00007ffa56410000 - 0x00007ffa5647c000 	C:\WINDOWS\system32\mswsock.dll
0x00007ff9ee060000 - 0x00007ff9ee076000 	C:\Program Files\Eclipse Adoptium\jdk-17.0.17.10-hotspot\bin\nio.dll
0x00007ff9ee040000 - 0x00007ff9ee058000 	C:\Program Files\Eclipse Adoptium\jdk-17.0.17.10-hotspot\bin\zip.dll
0x00007ff9ee030000 - 0x00007ff9ee040000 	C:\Program Files\Eclipse Adoptium\jdk-17.0.17.10-hotspot\bin\verify.dll
0x00007ff9efe10000 - 0x00007ff9efe1a000 	C:\Program Files\Eclipse Adoptium\jdk-17.0.17.10-hotspot\bin\management.dll
0x00007ff9efe00000 - 0x00007ff9efe0c000 	C:\Program Files\Eclipse Adoptium\jdk-17.0.17.10-hotspot\bin\management_ext.dll
0x00007ffa594f0000 - 0x00007ffa594f8000 	C:\WINDOWS\System32\PSAPI.DLL
0x00007ffa30ca0000 - 0x00007ffa30cb8000 	C:\WINDOWS\system32\napinsp.dll
0x00007ffa558f0000 - 0x00007ffa55a22000 	C:\WINDOWS\SYSTEM32\DNSAPI.dll
0x00007ffa558b0000 - 0x00007ffa558e2000 	C:\WINDOWS\SYSTEM32\IPHLPAPI.DLL
0x00007ffa58cf0000 - 0x00007ffa58cfa000 	C:\WINDOWS\System32\NSI.dll
0x00007ffa30c80000 - 0x00007ffa30c93000 	C:\WINDOWS\System32\winrnr.dll
0x00007ffa30c50000 - 0x00007ffa30c72000 	C:\WINDOWS\system32\nlansp_c.dll
0x00007ffa30c30000 - 0x00007ffa30c46000 	C:\WINDOWS\system32\wshbth.dll
0x00007ffa50a30000 - 0x00007ffa50a3b000 	C:\Windows\System32\rasadhlp.dll
0x00007ffa50df0000 - 0x00007ffa50e76000 	C:\WINDOWS\System32\fwpuclnt.dll
0x00007ff9ed890000 - 0x00007ff9ed905000 	C:\Users\Utilisateur\AppData\Local\Temp\lwjglUtilisateur\3.3.1-build-7\lwjgl.dll
0x00007ff97db40000 - 0x00007ff97dba1000 	C:\Users\UTILIS~1\AppData\Local\Temp\lwjglUtilisateur\3.3.1-build-7\glfw.dll
0x00007ff97daf0000 - 0x00007ff97db3b000 	C:\WINDOWS\SYSTEM32\dinput8.dll
0x00007ff9d3570000 - 0x00007ff9d358c000 	C:\WINDOWS\SYSTEM32\xinput1_4.dll
0x00007ffa56d40000 - 0x00007ffa56d6d000 	C:\WINDOWS\SYSTEM32\DEVOBJ.dll
0x00007ffa56d70000 - 0x00007ffa56dc1000 	C:\WINDOWS\SYSTEM32\cfgmgr32.dll
0x00007ffa54ef0000 - 0x00007ffa54f1f000 	C:\WINDOWS\SYSTEM32\dwmapi.dll
0x00007ffa233f0000 - 0x00007ffa235d3000 	C:\WINDOWS\SYSTEM32\inputhost.dll
0x00007ffa54430000 - 0x00007ffa54557000 	C:\WINDOWS\SYSTEM32\CoreMessaging.dll
0x00007ffa54c10000 - 0x00007ffa54cba000 	C:\WINDOWS\system32\uxtheme.dll
0x00007ffa56670000 - 0x00007ffa5667c000 	C:\WINDOWS\SYSTEM32\CRYPTBASE.DLL
0x00007ffa59cf0000 - 0x00007ffa59e4c000 	C:\WINDOWS\System32\MSCTF.dll
0x00007ffa39ec0000 - 0x00007ffa39fcf000 	C:\WINDOWS\SYSTEM32\opengl32.dll
0x00007ffa398a0000 - 0x00007ffa398cd000 	C:\WINDOWS\SYSTEM32\GLU32.dll
0x00007ffa54d10000 - 0x00007ffa54d55000 	C:\WINDOWS\SYSTEM32\dxcore.dll
0x00007ffa52ae0000 - 0x00007ffa52afd000 	C:\WINDOWS\SYSTEM32\windows.staterepositorycore.dll
0x00007ff9ac740000 - 0x00007ff9af065000 	C:\WINDOWS\System32\DriverStore\FileRepository\nv_dispig.inf_amd64_f4c7a2fd13e0f763\nvoglv64.dll
0x00007ffa58e40000 - 0x00007ffa592c7000 	C:\WINDOWS\System32\SETUPAPI.dll
0x00007ffa585d0000 - 0x00007ffa58767000 	C:\WINDOWS\System32\ole32.dll
0x00007ffa54a80000 - 0x00007ffa54aa9000 	C:\WINDOWS\SYSTEM32\WTSAPI32.dll
0x00007ffa58310000 - 0x00007ffa58488000 	C:\WINDOWS\System32\CRYPT32.dll
0x00007ffa56160000 - 0x00007ffa561a9000 	C:\WINDOWS\SYSTEM32\SspiCli.dll
0x00007ffa56870000 - 0x00007ffa56883000 	C:\WINDOWS\SYSTEM32\msasn1.dll
0x00007ffa50cd0000 - 0x00007ffa50d0b000 	C:\WINDOWS\SYSTEM32\cryptnet.dll
0x00007ffa56710000 - 0x00007ffa5677a000 	C:\WINDOWS\SYSTEM32\wldp.dll
0x00007ffa50b50000 - 0x00007ffa50cc8000 	C:\WINDOWS\SYSTEM32\drvstore.dll
0x00007ffa57800000 - 0x00007ffa57882000 	C:\WINDOWS\System32\WINTRUST.dll
0x00007ffa55fe0000 - 0x00007ffa56016000 	C:\WINDOWS\SYSTEM32\ntmarta.dll
0x00007ffa58770000 - 0x00007ffa58790000 	C:\WINDOWS\System32\imagehlp.dll
0x00007ffa56810000 - 0x00007ffa5682b000 	C:\WINDOWS\System32\CRYPTSP.dll
0x00007ffa55e20000 - 0x00007ffa55e59000 	C:\WINDOWS\system32\rsaenh.dll
0x00007ffa57060000 - 0x00007ffa5708a000 	C:\WINDOWS\System32\bcrypt.dll
0x00007ffa4bc30000 - 0x00007ffa5092f000 	C:\WINDOWS\System32\DriverStore\FileRepository\nv_dispig.inf_amd64_f4c7a2fd13e0f763\nvgpucomp64.dll
0x00007ffa56920000 - 0x00007ffa56982000 	C:\WINDOWS\SYSTEM32\WINSTA.dll
0x00007ff97d890000 - 0x00007ff97dae9000 	C:\Users\UTILIS~1\AppData\Local\Temp\lwjglUtilisateur\3.3.1-build-7\jemalloc.dll
0x00007ff97d800000 - 0x00007ff97d881000 	C:\Users\Utilisateur\AppData\Local\Temp\lwjglUtilisateur\3.3.1-build-7\lwjgl_stb.dll
0x00007ffa1fc10000 - 0x00007ffa1fd56000 	C:\WINDOWS\SYSTEM32\textinputframework.dll
0x00007ff97d7a0000 - 0x00007ff97d7fd000 	C:\Users\Utilisateur\AppData\Local\Temp\lwjglUtilisateur\3.3.1-build-7\lwjgl_opengl.dll
0x00007ff9d9ca0000 - 0x00007ff9d9cf6000 	C:\WINDOWS\SYSTEM32\pdh.dll
0x00007ff9efde0000 - 0x00007ff9efdf2000 	C:\WINDOWS\System32\perfproc.dll
0x00007ffa396f0000 - 0x00007ffa39701000 	C:\WINDOWS\System32\perfos.dll
0x00007ffa54cc0000 - 0x00007ffa54cd2000 	C:\WINDOWS\SYSTEM32\pfclient.dll
0x00007ffa564c0000 - 0x00007ffa564f3000 	C:\WINDOWS\SYSTEM32\USERENV.dll
0x00007ffa517f0000 - 0x00007ffa5180d000 	C:\WINDOWS\SYSTEM32\dhcpcsvc6.DLL
0x00007ffa51540000 - 0x00007ffa51565000 	C:\WINDOWS\SYSTEM32\dhcpcsvc.DLL
0x00007ff9ef3a0000 - 0x00007ff9ef3e0000 	C:\Users\Utilisateur\AppData\Local\Temp\jna-1082121059\jna17725892220550122580.dll
0x00007ffa5a050000 - 0x00007ffa5a0fe000 	C:\WINDOWS\System32\clbcatq.dll
0x00007ffa43770000 - 0x00007ffa4378d000 	C:\WINDOWS\SYSTEM32\amsi.dll
0x00007ff9efdd0000 - 0x00007ff9efdde000 	C:\Program Files\Eclipse Adoptium\jdk-17.0.17.10-hotspot\bin\sunmscapi.dll
0x00007ffa569e0000 - 0x00007ffa56a10000 	C:\WINDOWS\SYSTEM32\ncrypt.dll
0x00007ffa56990000 - 0x00007ffa569cf000 	C:\WINDOWS\SYSTEM32\NTASN1.dll
0x00007ffa39740000 - 0x00007ffa397ff000 	C:\WINDOWS\SYSTEM32\mscms.dll
0x00007ff978160000 - 0x00007ff9781a9000 	C:\WINDOWS\SYSTEM32\icm32.dll
0x00007ff9ee020000 - 0x00007ff9ee029000 	C:\Program Files\Eclipse Adoptium\jdk-17.0.17.10-hotspot\bin\extnet.dll
0x00007ff97d110000 - 0x00007ff97d2a7000 	C:\Users\UTILIS~1\AppData\Local\Temp\lwjglUtilisateur\3.3.1-build-7\OpenAL.dll
0x00007ffa497d0000 - 0x00007ffa49869000 	C:\WINDOWS\System32\MMDevApi.dll
0x00007ff9a2d70000 - 0x00007ff9a2ee3000 	C:\WINDOWS\System32\Speech\Common\sapi.dll
0x00007ffa136c0000 - 0x00007ffa136c8000 	C:\WINDOWS\system32\wshunix.dll
0x00007ffa41780000 - 0x00007ffa41933000 	C:\WINDOWS\SYSTEM32\AUDIOSES.DLL
0x00007ffa55180000 - 0x00007ffa55194000 	C:\WINDOWS\SYSTEM32\resourcepolicyclient.dll
0x00007ffa3a170000 - 0x00007ffa3a34d000 	C:\WINDOWS\system32\urlmon.dll
0x00007ffa3dd70000 - 0x00007ffa3e034000 	C:\WINDOWS\SYSTEM32\iertutil.dll
0x00007ffa558a0000 - 0x00007ffa558ad000 	C:\WINDOWS\SYSTEM32\netutils.dll
0x00007ffa4b490000 - 0x00007ffa4b4b9000 	C:\WINDOWS\SYSTEM32\srvcli.dll
0x00007ffa51250000 - 0x00007ffa51532000 	C:\WINDOWS\SYSTEM32\CoreUIComponents.dll
0x00007ffa51b00000 - 0x00007ffa51c6a000 	C:\WINDOWS\SYSTEM32\wintypes.dll
0x00007ff979de0000 - 0x00007ff979f71000 	C:\Program Files\Eclipse Adoptium\jdk-17.0.17.10-hotspot\bin\awt.dll
0x00007ffa549c0000 - 0x00007ffa54a60000 	C:\WINDOWS\SYSTEM32\apphelp.dll

dbghelp: loaded successfully - version: 4.0.5 - missing functions: none
symbol engine: initialized successfully - sym options: 0x614 - pdb path: .;C:\Program Files\Eclipse Adoptium\jdk-17.0.17.10-hotspot\bin;C:\WINDOWS\SYSTEM32;C:\WINDOWS\WinSxS\amd64_microsoft.windows.common-controls_6595b64144ccf1df_6.0.26100.8457_none_3e0b2faee331e92d;C:\Program Files\Eclipse Adoptium\jdk-17.0.17.10-hotspot\bin\server;C:\Users\Utilisateur\AppData\Local\Temp\lwjglUtilisateur\3.3.1-build-7;C:\Users\UTILIS~1\AppData\Local\Temp\lwjglUtilisateur\3.3.1-build-7;C:\WINDOWS\System32\DriverStore\FileRepository\nv_dispig.inf_amd64_f4c7a2fd13e0f763;C:\Users\Utilisateur\AppData\Local\Temp\jna-1082121059;C:\WINDOWS\System32\Speech\Common

VM Arguments:
jvm_args: -Dforge.enableGameTest=true -Dforge.logging.console.level=debug -Dforge.logging.markers=REGISTRIES -DignoreList=bootstraplauncher,securejarhandler,asm-commons,asm-util,asm-analysis,asm-tree,asm,JarJarFileSystems,client-extra,fmlcore,javafmllanguage,lowcodelanguage,mclanguage,forge- -Djava.net.preferIPv6Addresses=system -DlegacyClassPath.file=C:\Users\Utilisateur\Documents\travail\ynov\ydays\CreateNuclearForge\build\classpath\runClient_minecraftClasspath.txt -DmergeModules=jna-5.10.0.jar,jna-platform-5.10.0.jar -Dmixin.debug.export=true -Dmixin.debug.verbose=true -Dmixin.env.refMapRemappingFile=C:\Users\Utilisateur\Documents\travail\ynov\ydays\CreateNuclearForge/build/createSrgToMcp/output.srg -Dmixin.env.remapRefMap=true -Dnet.minecraftforge.gradle.GradleStart.srg.srg-mcp=C:\Users\Utilisateur\Documents\travail\ynov\ydays\CreateNuclearForge\build\createSrgToMcp\output.srg --module-path=C:\Users\Utilisateur\.gradle\caches\modules-2\files-2.1\cpw.mods\bootstraplauncher\1.1.2\c546e00443d8432cda6baa1c860346980742628\bootstraplauncher-1.1.2.jar;C:\Users\Utilisateur\.gradle\caches\modules-2\files-2.1\cpw.mods\securejarhandler\2.1.10\51e6a22c6c716beb11e244bf5b8be480f51dd6b5\securejarhandler-2.1.10.jar;C:\Users\Utilisateur\.gradle\caches\modules-2\files-2.1\org.ow2.asm\asm-commons\9.5\19ab5b5800a3910d30d3a3e64fdb00fd0cb42de0\asm-commons-9.5.jar;C:\Users\Utilisateur\.gradle\caches\modules-2\files-2.1\org.ow2.asm\asm-util\9.5\64b5a1fc8c1b15ed2efd6a063e976bc8d3dc5ffe\asm-util-9.5.jar;C:\Users\Utilisateur\.gradle\caches\modules-2\files-2.1\org.ow2.asm\asm-analysis\9.5\490bacc77de7cbc0be1a30bb3471072d705be4a4\asm-analysis-9.5.jar;C:\Users\Utilisateur\.gradle\caches\modules-2\files-2.1\org.ow2.asm\asm-tree\9.5\fd33c8b6373abaa675be407082fdfda35021254a\asm-tree-9.5.jar;C:\Users\Utilisateur\.gradle\caches\modules-2\files-2.1\org.ow2.asm\asm\9.5\dc6ea1875f4d64fbc85e1691c95b96a3d8569c90\asm-9.5.jar;C:\Users\Utilisateur\.gradle\caches\modules-2\files-2.1\net.minecraftforge\JarJarFileSystems\0.3.19\2464eb7d6b9ddb9db36a82cf8a95193e5c6fe020\JarJarFileSystems-0.3.19.jar --add-modules=ALL-MODULE-PATH --add-opens=java.base/java.util.jar=cpw.mods.securejarhandler --add-opens=java.base/java.lang.invoke=cpw.mods.securejarhandler --add-exports=java.base/sun.security.util=cpw.mods.securejarhandler --add-exports=jdk.naming.dns/com.sun.jndi.dns=java.naming -XX:HeapDumpPath=MojangTricksIntelDriversForPerformance_javaw.exe_minecraft.exe.heapdump -Dfile.encoding=UTF-8 -Duser.country=FR -Duser.language=fr -Duser.variant 
java_command: cpw.mods.bootstraplauncher.BootstrapLauncher --launchTarget forgeclientuserdev --version MOD_DEV --assetIndex 5 --assetsDir C:\Users\Utilisateur\.gradle\caches\forge_gradle\assets --gameDir . --fml.forgeVersion 47.2.6 --fml.mcVersion 1.20.1 --fml.forgeGroup net.minecraftforge --fml.mcpVersion 20230612.114412 --mixin.config createnuclear.forge.mixins.json
java_class_path (initial): C:\Users\Utilisateur\Documents\travail\ynov\ydays\CreateNuclearForge\build\classes\java\main;C:\Users\Utilisateur\Documents\travail\ynov\ydays\CreateNuclearForge\build\resources\main;C:\Users\Utilisateur\.gradle\caches\forge_gradle\deobf_dependencies\curse\maven\jade-324717\6106101_mapped_parchment_2023.09.03-1.20.1\jade-324717-6106101_mapped_parchment_2023.09.03-1.20.1.jar;C:\Users\Utilisateur\.gradle\caches\forge_gradle\deobf_dependencies\com\simibubi\create\create-1.20.1\6.0.8-289_mapped_parchment_2023.09.03-1.20.1\create-1.20.1-6.0.8-289_mapped_parchment_2023.09.03-1.20.1-slim.jar;C:\Users\Utilisateur\.gradle\caches\forge_gradle\deobf_dependencies\net\createmod\ponder\Ponder-Forge-1.20.1\1.0.91_mapped_parchment_2023.09.03-1.20.1\Ponder-Forge-1.20.1-1.0.91_mapped_parchment_2023.09.03-1.20.1.jar;C:\Users\Utilisateur\.gradle\caches\forge_gradle\deobf_dependencies\com\tterrag\registrate\Registrate\MC1.20-1.3.3_mapped_parchment_2023.09.03-1.20.1\Registrate-MC1.20-1.3.3_mapped_parchment_2023.09.03-1.20.1.jar;C:\Users\Utilisateur\.gradle\caches\modules-2\files-2.1\io.github.llamalad7\mixinextras-forge\0.4.1\5c35573a7b76103724799ca1174a69699b8a9aec\mixinextras-forge-0.4.1.jar;C:\Users\Utilisateur\Documents\travail\ynov\ydays\CreateNuclearForge\build\fg_cache\net\minecraftforge\forge\1.20.1-47.2.6_mapped_parchment_2023.09.03-1.20.1\forge-1.20.1-47.2.6_mapped_parchment_2023.09.03-1.20.1-recomp.jar;C:\Users\Utilisateur\.gradle\caches\forge_gradle\deobf_dependencies\dev\engine-room\flywheel\flywheel-forge-1.20.1\1.0.5_mapped_parchment_2023.09.03-1.20.1\flywheel-forge-1.20.1-1.0.5_mapped_parchment_2023.09.03-1.20.1.jar;C:\Users\Utilisateur\.gradle\caches\forge_gradle\deobf_dependencies\mezz\jei\jei-1.20.1-forge\15.20.0.105_mapped_parchment_2023.09.03-1.20.1\jei-1.20.1-forge-15.20.0.105_mapped_parchment_2023.09.03-1.20.1.jar;C:\Users\Utilisateur\.gradle\caches\forge_gradle\minecraft_repo\versions\1.20.1\client-extra.jar;C:\Users\Utilisateur\.gradl
Launcher Type: SUN_STANDARD

[Global flags]
     intx CICompilerCount                          = 12                                        {product} {ergonomic}
     uint ConcGCThreads                            = 4                                         {product} {ergonomic}
     uint G1ConcRefinementThreads                  = 15                                        {product} {ergonomic}
   size_t G1HeapRegionSize                         = 2097152                                   {product} {ergonomic}
    uintx GCDrainStackTargetSize                   = 64                                        {product} {ergonomic}
    ccstr HeapDumpPath                             = MojangTricksIntelDriversForPerformance_javaw.exe_minecraft.exe.heapdump         {manageable} {command line}
   size_t InitialHeapSize                          = 266338304                                 {product} {ergonomic}
   size_t MarkStackSize                            = 4194304                                   {product} {ergonomic}
   size_t MaxHeapSize                              = 4253024256                                {product} {ergonomic}
   size_t MaxNewSize                               = 2550136832                                {product} {ergonomic}
   size_t MinHeapDeltaBytes                        = 2097152                                   {product} {ergonomic}
   size_t MinHeapSize                              = 8388608                                   {product} {ergonomic}
    uintx NonNMethodCodeHeapSize                   = 7602480                                {pd product} {ergonomic}
    uintx NonProfiledCodeHeapSize                  = 122027880                              {pd product} {ergonomic}
    uintx ProfiledCodeHeapSize                     = 122027880                              {pd product} {ergonomic}
    uintx ReservedCodeCacheSize                    = 251658240                              {pd product} {ergonomic}
     bool SegmentedCodeCache                       = true                                      {product} {ergonomic}
   size_t SoftMaxHeapSize                          = 4253024256                             {manageable} {ergonomic}
     bool UseCompressedClassPointers               = true                           {product lp64_product} {ergonomic}
     bool UseCompressedOops                        = true                           {product lp64_product} {ergonomic}
     bool UseG1GC                                  = true                                      {product} {ergonomic}
     bool UseLargePagesIndividualAllocation        = false                                  {pd product} {ergonomic}

Logging:
Log output configuration:
 #0: stdout all=warning uptime,level,tags
 #1: stderr all=off uptime,level,tags

Environment Variables:
JAVA_HOME=C:\Program Files\Eclipse Adoptium\jdk-21.0.10.7-hotspot\
PATH=C:\Program Files\Eclipse Adoptium\jdk-21.0.10.7-hotspot\bin;C:\Program Files\Eclipse Adoptium\jdk-17.0.17.10-hotspot\bin;C:\Program Files\Common Files\Oracle\Java\javapath;C:\WINDOWS\system32;C:\WINDOWS;C:\WINDOWS\System32\Wbem;C:\WINDOWS\System32\WindowsPowerShell\v1.0\;C:\WINDOWS\System32\OpenSSH\;C:\Program Files (x86)\NVIDIA Corporation\PhysX\Common;C:\Program Files\dotnet\;C:\Program Files\Microsoft SQL Server\150\Tools\Binn\;C:\Program Files\Microsoft SQL Server\Client SDK\ODBC\170\Tools\Binn\;C:\Program Files\Git\cmd;C:\Program Files\nodejs\;C:\Users\Utilisateur\Documents\flutter\bin;C:\Program Files (x86)\Windows Kits\10\Windows Performance Toolkit\;C:\WINDOWS\system32\config\systemprofile\AppData\Local\Muse Hub\lib;C:\Users\Utilisateur\Documents\Mc-Maven\apache-maven-3.9.14\bin;C:\Users\Utilisateur\AppData\Local\Programs\Python\Python311\Scripts\;C:\Users\Utilisateur\AppData\Local\Programs\Python\Python311\;C:\Users\Utilisateur\AppData\Local\Programs\Python\Launcher\;C:\Program Files\MySQL\MySQL Shell 8.0\bin\;C:\Users\Utilisateur\AppData\Local\Microsoft\WindowsApps;C:\Users\Utilisateur\.dotnet\tools;C:\Users\Utilisateur\AppData\Local\Programs\Microsoft VS Code\bin;C:\Users\Utilisateur\AppData\Roaming\npm;C:\Users\Utilisateur\AppData\Local\GitHubDesktop\bin;C:\Users\Utilisateur\AppData\Local\Programs\MiKTeX\miktex\bin\x64\;C:\Users\Utilisateur\AppData\Local\Muse Hub\lib;C:\Users\Utilisateur\AppData\Local\Programs\Antigravity\bin
USERNAME=Utilisateur
OS=Windows_NT
PROCESSOR_IDENTIFIER=Intel64 Family 6 Model 151 Stepping 2, GenuineIntel
TMP=C:\Users\UTILIS~1\AppData\Local\Temp
TEMP=C:\Users\UTILIS~1\AppData\Local\Temp



Periodic native trim disabled


---------------  S Y S T E M  ---------------

OS:
 Windows 11 , 64 bit Build 26100 (10.0.26100.8328)
OS uptime: 0 days 4:42 hours
Hyper-V role detected

CPU: total 20 (initial active 20) (10 cores per cpu, 2 threads per core) family 6 model 151 stepping 2 microcode 0x26, cx8, cmov, fxsr, ht, mmx, 3dnowpref, sse, sse2, sse3, ssse3, sse4.1, sse4.2, popcnt, lzcnt, tsc, tscinvbit, avx, avx2, aes, erms, clmul, bmi1, bmi2, adx, sha, fma, vzeroupper, clflush, clflushopt, clwb, hv
Processor Information for all 20 processors :
  Max Mhz: 2100, Current Mhz: 2100, Mhz Limit: 2100

Memory: 4k page, system-wide physical 16222M (1217M free)
TotalPageFile size 43363M (AvailPageFile size 1114M)
current process WorkingSet (physical memory assigned to process): 3095M, peak: 3114M
current process commit charge ("private bytes"): 5054M, peak: 5277M

vm_info: OpenJDK 64-Bit Server VM (17.0.17+10) for windows-amd64 JRE (17.0.17+10), built on Oct 21 2025 23:25:32 by "admin" with unknown MS VC++:1942

END.
